-40,-12,cNgbYGbxeyMP4Yc2fcAFKx0lhpE=,nBf2DNV2LRCzCog5M2ezQDVrQVk=
-39,-12,cNgbYGbxeyMP4Yc2fcAFKx0lhpE=,nBf2DNV2LRCzCog5M2ezQDVrQVk=
-36,-1,cNgbYGbxeyMP4Yc2fcAFKx0lhpE=,nBf2DNV2LRCzCog5M2ezQDVrQVk=
-48,-8,cNgbYGbxeyMP4Yc2fcAFKx0lhpE=,nBf2DNV2LRCzCog5M2ezQDVrQVk=
-48,-7,cNgbYGbxeyMP4Yc2fcAFKx0lhpE=,nBf2DNV2LRCzCog5M2ezQDVrQVk=
-35,-1,cNgbYGbxeyMP4Yc2fcAFKx0lhpE=,nBf2DNV2LRCzCog5M2ezQDVrQVk=
-37,-1,cNgbYGbxeyMP4Yc2fcAFKx0lhpE=,nBf2DNV2LRCzCog5M2ezQDVrQVk=
-38,-12,cNgbYGbxeyMP4Yc2fcAFKx0lhpE=,nBf2DNV2LRCzCog5M2ezQDVrQVk=
-48,-1,cNgbYGbxeyMP4Yc2fcAFKx0lhpE=,nBf2DNV2LRCzCog5M2ezQDVrQVk=
-38,-1,cNgbYGbxeyMP4Yc2fcAFKx0lhpE=,nBf2DNV2LRCzCog5M2ezQDVrQVk=
-39,-1,cNgbYGbxeyMP4Yc2fcAFKx0lhpE=,nBf2DNV2LRCzCog5M2ezQDVrQVk=
-48,-2,cNgbYGbxeyMP4Yc2fcAFKx0lhpE=,nBf2DNV2LRCzCog5M2ezQDVrQVk=
-34,-1,cNgbYGbxeyMP4Yc2fcAFKx0lhpE=,nBf2DNV2LRCzCog5M2ezQDVrQVk=
-48,-6,cNgbYGbxeyMP4Yc2fcAFKx0lhpE=,nBf2DNV2LRCzCog5M2ezQDVrQVk=
-48,-5,cNgbYGbxeyMP4Yc2fcAFKx0lhpE=,nBf2DNV2LRCzCog5M2ezQDVrQVk=
-48,-3,cNgbYGbxeyMP4Yc2fcAFKx0lhpE=,nBf2DNV2LRCzCog5M2ezQDVrQVk=
-48,-4,cNgbYGbxeyMP4Yc2fcAFKx0lhpE=,nBf2DNV2LRCzCog5M2ezQDVrQVk=
-41,-1,cNgbYGbxeyMP4Yc2fcAFKx0lhpE=,nBf2DNV2LRCzCog5M2ezQDVrQVk=
-37,-12,cNgbYGbxeyMP4Yc2fcAFKx0lhpE=,nBf2DNV2LRCzCog5M2ezQDVrQVk=
-43,-1,cNgbYGbxeyMP4Yc2fcAFKx0lhpE=,nBf2DNV2LRCzCog5M2ezQDVrQVk=
-47,-1,cNgbYGbxeyMP4Yc2fcAFKx0lhpE=,nBf2DNV2LRCzCog5M2ezQDVrQVk=
-46,-1,cNgbYGbxeyMP4Yc2fcAFKx0lhpE=,nBf2DNV2LRCzCog5M2ezQDVrQVk=
-45,-1,cNgbYGbxeyMP4Yc2fcAFKx0lhpE=,nBf2DNV2LRCzCog5M2ezQDVrQVk=
-42,-1,cNgbYGbxeyMP4Yc2fcAFKx0lhpE=,nBf2DNV2LRCzCog5M2ezQDVrQVk=
-40,-1,cNgbYGbxeyMP4Yc2fcAFKx0lhpE=,nBf2DNV2LRCzCog5M2ezQDVrQVk=
-33,-1,cNgbYGbxeyMP4Yc2fcAFKx0lhpE=,nBf2DNV2LRCzCog5M2ezQDVrQVk=
-44,-1,cNgbYGbxeyMP4Yc2fcAFKx0lhpE=,nBf2DNV2LRCzCog5M2ezQDVrQVk=
-34,-2,cNgbYGbxeyMP4Yc2fcAFKx0lhpE=,nBf2DNV2LRCzCog5M2ezQDVrQVk=
-37,-2,cNgbYGbxeyMP4Yc2fcAFKx0lhpE=,nBf2DNV2LRCzCog5M2ezQDVrQVk=
-38,-2,cNgbYGbxeyMP4Yc2fcAFKx0lhpE=,nBf2DNV2LRCzCog5M2ezQDVrQVk=
-35,-2,cNgbYGbxeyMP4Yc2fcAFKx0lhpE=,nBf2DNV2LRCzCog5M2ezQDVrQVk=
-36,-2,cNgbYGbxeyMP4Yc2fcAFKx0lhpE=,nBf2DNV2LRCzCog5M2ezQDVrQVk=
-41,-2,cNgbYGbxeyMP4Yc2fcAFKx0lhpE=,nBf2DNV2LRCzCog5M2ezQDVrQVk=
-42,-2,cNgbYGbxeyMP4Yc2fcAFKx0lhpE=,nBf2DNV2LRCzCog5M2ezQDVrQVk=
-43,-2,cNgbYGbxeyMP4Yc2fcAFKx0lhpE=,nBf2DNV2LRCzCog5M2ezQDVrQVk=
-39,-2,cNgbYGbxeyMP4Yc2fcAFKx0lhpE=,nBf2DNV2LRCzCog5M2ezQDVrQVk=
-33,-2,cNgbYGbxeyMP4Yc2fcAFKx0lhpE=,nBf2DNV2LRCzCog5M2ezQDVrQVk=
-44,-2,cNgbYGbxeyMP4Yc2fcAFKx0lhpE=,nBf2DNV2LRCzCog5M2ezQDVrQVk=
-45,-2,cNgbYGbxeyMP4Yc2fcAFKx0lhpE=,nBf2DNV2LRCzCog5M2ezQDVrQVk=
-40,-2,cNgbYGbxeyMP4Yc2fcAFKx0lhpE=,nBf2DNV2LRCzCog5M2ezQDVrQVk=
-46,-2,cNgbYGbxeyMP4Yc2fcAFKx0lhpE=,nBf2DNV2LRCzCog5M2ezQDVrQVk=
-47,-2,cNgbYGbxeyMP4Yc2fcAFKx0lhpE=,nBf2DNV2LRCzCog5M2ezQDVrQVk=
-36,-12,cNgbYGbxeyMP4Yc2fcAFKx0lhpE=,nBf2DNV2LRCzCog5M2ezQDVrQVk=
-38,-3,cNgbYGbxeyMP4Yc2fcAFKx0lhpE=,nBf2DNV2LRCzCog5M2ezQDVrQVk=
-37,-3,cNgbYGbxeyMP4Yc2fcAFKx0lhpE=,nBf2DNV2LRCzCog5M2ezQDVrQVk=
-36,-3,cNgbYGbxeyMP4Yc2fcAFKx0lhpE=,nBf2DNV2LRCzCog5M2ezQDVrQVk=
-41,-3,cNgbYGbxeyMP4Yc2fcAFKx0lhpE=,nBf2DNV2LRCzCog5M2ezQDVrQVk=
-39,-3,cNgbYGbxeyMP4Yc2fcAFKx0lhpE=,nBf2DNV2LRCzCog5M2ezQDVrQVk=
-40,-3,cNgbYGbxeyMP4Yc2fcAFKx0lhpE=,nBf2DNV2LRCzCog5M2ezQDVrQVk=
-42,-3,cNgbYGbxeyMP4Yc2fcAFKx0lhpE=,nBf2DNV2LRCzCog5M2ezQDVrQVk=
-35,-3,cNgbYGbxeyMP4Yc2fcAFKx0lhpE=,nBf2DNV2LRCzCog5M2ezQDVrQVk=
-40,-14,cNgbYGbxeyMP4Yc2fcAFKx0lhpE=,nBf2DNV2LRCzCog5M2ezQDVrQVk=
-44,-3,cNgbYGbxeyMP4Yc2fcAFKx0lhpE=,nBf2DNV2LRCzCog5M2ezQDVrQVk=
-43,-3,cNgbYGbxeyMP4Yc2fcAFKx0lhpE=,nBf2DNV2LRCzCog5M2ezQDVrQVk=
-45,-3,cNgbYGbxeyMP4Yc2fcAFKx0lhpE=,nBf2DNV2LRCzCog5M2ezQDVrQVk=
-47,-3,cNgbYGbxeyMP4Yc2fcAFKx0lhpE=,nBf2DNV2LRCzCog5M2ezQDVrQVk=
-46,-3,cNgbYGbxeyMP4Yc2fcAFKx0lhpE=,nBf2DNV2LRCzCog5M2ezQDVrQVk=
-39,-14,cNgbYGbxeyMP4Yc2fcAFKx0lhpE=,nBf2DNV2LRCzCog5M2ezQDVrQVk=
-37,-4,cNgbYGbxeyMP4Yc2fcAFKx0lhpE=,nBf2DNV2LRCzCog5M2ezQDVrQVk=
-34,-3,cNgbYGbxeyMP4Yc2fcAFKx0lhpE=,nBf2DNV2LRCzCog5M2ezQDVrQVk=
-33,-3,cNgbYGbxeyMP4Yc2fcAFKx0lhpE=,nBf2DNV2LRCzCog5M2ezQDVrQVk=
-38,-4,cNgbYGbxeyMP4Yc2fcAFKx0lhpE=,nBf2DNV2LRCzCog5M2ezQDVrQVk=
-36,-4,cNgbYGbxeyMP4Yc2fcAFKx0lhpE=,nBf2DNV2LRCzCog5M2ezQDVrQVk=
-40,-4,cNgbYGbxeyMP4Yc2fcAFKx0lhpE=,nBf2DNV2LRCzCog5M2ezQDVrQVk=
-39,-4,cNgbYGbxeyMP4Yc2fcAFKx0lhpE=,nBf2DNV2LRCzCog5M2ezQDVrQVk=
-41,-4,cNgbYGbxeyMP4Yc2fcAFKx0lhpE=,nBf2DNV2LRCzCog5M2ezQDVrQVk=
-34,-4,cNgbYGbxeyMP4Yc2fcAFKx0lhpE=,nBf2DNV2LRCzCog5M2ezQDVrQVk=
-42,-4,cNgbYGbxeyMP4Yc2fcAFKx0lhpE=,nBf2DNV2LRCzCog5M2ezQDVrQVk=
-43,-4,cNgbYGbxeyMP4Yc2fcAFKx0lhpE=,nBf2DNV2LRCzCog5M2ezQDVrQVk=
-35,-4,cNgbYGbxeyMP4Yc2fcAFKx0lhpE=,nBf2DNV2LRCzCog5M2ezQDVrQVk=
-33,-4,cNgbYGbxeyMP4Yc2fcAFKx0lhpE=,nBf2DNV2LRCzCog5M2ezQDVrQVk=
-47,-4,cNgbYGbxeyMP4Yc2fcAFKx0lhpE=,nBf2DNV2LRCzCog5M2ezQDVrQVk=
-46,-4,cNgbYGbxeyMP4Yc2fcAFKx0lhpE=,nBf2DNV2LRCzCog5M2ezQDVrQVk=
-45,-4,cNgbYGbxeyMP4Yc2fcAFKx0lhpE=,nBf2DNV2LRCzCog5M2ezQDVrQVk=
-44,-4,cNgbYGbxeyMP4Yc2fcAFKx0lhpE=,nBf2DNV2LRCzCog5M2ezQDVrQVk=
-35,-12,cNgbYGbxeyMP4Yc2fcAFKx0lhpE=,nBf2DNV2LRCzCog5M2ezQDVrQVk=
-38,-5,cNgbYGbxeyMP4Yc2fcAFKx0lhpE=,nBf2DNV2LRCzCog5M2ezQDVrQVk=
-33,-5,cNgbYGbxeyMP4Yc2fcAFKx0lhpE=,nBf2DNV2LRCzCog5M2ezQDVrQVk=
-40,-5,cNgbYGbxeyMP4Yc2fcAFKx0lhpE=,nBf2DNV2LRCzCog5M2ezQDVrQVk=
-37,-5,cNgbYGbxeyMP4Yc2fcAFKx0lhpE=,nBf2DNV2LRCzCog5M2ezQDVrQVk=
-35,-5,cNgbYGbxeyMP4Yc2fcAFKx0lhpE=,nBf2DNV2LRCzCog5M2ezQDVrQVk=
-39,-5,cNgbYGbxeyMP4Yc2fcAFKx0lhpE=,nBf2DNV2LRCzCog5M2ezQDVrQVk=
-41,-5,cNgbYGbxeyMP4Yc2fcAFKx0lhpE=,nBf2DNV2LRCzCog5M2ezQDVrQVk=
-42,-5,cNgbYGbxeyMP4Yc2fcAFKx0lhpE=,nBf2DNV2LRCzCog5M2ezQDVrQVk=
-43,-5,cNgbYGbxeyMP4Yc2fcAFKx0lhpE=,nBf2DNV2LRCzCog5M2ezQDVrQVk=
-34,-5,cNgbYGbxeyMP4Yc2fcAFKx0lhpE=,nBf2DNV2LRCzCog5M2ezQDVrQVk=
-34,-12,cNgbYGbxeyMP4Yc2fcAFKx0lhpE=,nBf2DNV2LRCzCog5M2ezQDVrQVk=
-36,-5,cNgbYGbxeyMP4Yc2fcAFKx0lhpE=,nBf2DNV2LRCzCog5M2ezQDVrQVk=
-44,-5,cNgbYGbxeyMP4Yc2fcAFKx0lhpE=,nBf2DNV2LRCzCog5M2ezQDVrQVk=
-45,-5,cNgbYGbxeyMP4Yc2fcAFKx0lhpE=,nBf2DNV2LRCzCog5M2ezQDVrQVk=
-46,-5,cNgbYGbxeyMP4Yc2fcAFKx0lhpE=,nBf2DNV2LRCzCog5M2ezQDVrQVk=
-33,-6,cNgbYGbxeyMP4Yc2fcAFKx0lhpE=,nBf2DNV2LRCzCog5M2ezQDVrQVk=
-47,-5,cNgbYGbxeyMP4Yc2fcAFKx0lhpE=,nBf2DNV2LRCzCog5M2ezQDVrQVk=
-34,-6,cNgbYGbxeyMP4Yc2fcAFKx0lhpE=,nBf2DNV2LRCzCog5M2ezQDVrQVk=
-37,-6,cNgbYGbxeyMP4Yc2fcAFKx0lhpE=,nBf2DNV2LRCzCog5M2ezQDVrQVk=
-38,-6,cNgbYGbxeyMP4Yc2fcAFKx0lhpE=,nBf2DNV2LRCzCog5M2ezQDVrQVk=
-39,-6,cNgbYGbxeyMP4Yc2fcAFKx0lhpE=,nBf2DNV2LRCzCog5M2ezQDVrQVk=
-40,-6,cNgbYGbxeyMP4Yc2fcAFKx0lhpE=,nBf2DNV2LRCzCog5M2ezQDVrQVk=
-42,-6,cNgbYGbxeyMP4Yc2fcAFKx0lhpE=,nBf2DNV2LRCzCog5M2ezQDVrQVk=
-43,-6,cNgbYGbxeyMP4Yc2fcAFKx0lhpE=,nBf2DNV2LRCzCog5M2ezQDVrQVk=
-36,-6,cNgbYGbxeyMP4Yc2fcAFKx0lhpE=,nBf2DNV2LRCzCog5M2ezQDVrQVk=
-41,-6,cNgbYGbxeyMP4Yc2fcAFKx0lhpE=,nBf2DNV2LRCzCog5M2ezQDVrQVk=
-35,-6,cNgbYGbxeyMP4Yc2fcAFKx0lhpE=,nBf2DNV2LRCzCog5M2ezQDVrQVk=
-44,-6,cNgbYGbxeyMP4Yc2fcAFKx0lhpE=,nBf2DNV2LRCzCog5M2ezQDVrQVk=
-33,-15,cNgbYGbxeyMP4Yc2fcAFKx0lhpE=,nBf2DNV2LRCzCog5M2ezQDVrQVk=
-33,-13,cNgbYGbxeyMP4Yc2fcAFKx0lhpE=,nBf2DNV2LRCzCog5M2ezQDVrQVk=
-33,-12,cNgbYGbxeyMP4Yc2fcAFKx0lhpE=,nBf2DNV2LRCzCog5M2ezQDVrQVk=
-45,-6,cNgbYGbxeyMP4Yc2fcAFKx0lhpE=,nBf2DNV2LRCzCog5M2ezQDVrQVk=
-33,-7,cNgbYGbxeyMP4Yc2fcAFKx0lhpE=,nBf2DNV2LRCzCog5M2ezQDVrQVk=
-34,-7,cNgbYGbxeyMP4Yc2fcAFKx0lhpE=,nBf2DNV2LRCzCog5M2ezQDVrQVk=
-39,-7,cNgbYGbxeyMP4Yc2fcAFKx0lhpE=,nBf2DNV2LRCzCog5M2ezQDVrQVk=
-41,-7,cNgbYGbxeyMP4Yc2fcAFKx0lhpE=,nBf2DNV2LRCzCog5M2ezQDVrQVk=
-40,-13,cNgbYGbxeyMP4Yc2fcAFKx0lhpE=,nBf2DNV2LRCzCog5M2ezQDVrQVk=
-36,-7,cNgbYGbxeyMP4Yc2fcAFKx0lhpE=,nBf2DNV2LRCzCog5M2ezQDVrQVk=
-40,-7,cNgbYGbxeyMP4Yc2fcAFKx0lhpE=,nBf2DNV2LRCzCog5M2ezQDVrQVk=
-35,-7,cNgbYGbxeyMP4Yc2fcAFKx0lhpE=,nBf2DNV2LRCzCog5M2ezQDVrQVk=
-42,-7,cNgbYGbxeyMP4Yc2fcAFKx0lhpE=,nBf2DNV2LRCzCog5M2ezQDVrQVk=
-43,-7,cNgbYGbxeyMP4Yc2fcAFKx0lhpE=,nBf2DNV2LRCzCog5M2ezQDVrQVk=
-44,-7,cNgbYGbxeyMP4Yc2fcAFKx0lhpE=,nBf2DNV2LRCzCog5M2ezQDVrQVk=
-40,-15,cNgbYGbxeyMP4Yc2fcAFKx0lhpE=,nBf2DNV2LRCzCog5M2ezQDVrQVk=
-45,-7,cNgbYGbxeyMP4Yc2fcAFKx0lhpE=,nBf2DNV2LRCzCog5M2ezQDVrQVk=
-46,-7,cNgbYGbxeyMP4Yc2fcAFKx0lhpE=,nBf2DNV2LRCzCog5M2ezQDVrQVk=
-47,-7,cNgbYGbxeyMP4Yc2fcAFKx0lhpE=,nBf2DNV2LRCzCog5M2ezQDVrQVk=
-47,-6,cNgbYGbxeyMP4Yc2fcAFKx0lhpE=,nBf2DNV2LRCzCog5M2ezQDVrQVk=
-33,-8,cNgbYGbxeyMP4Yc2fcAFKx0lhpE=,nBf2DNV2LRCzCog5M2ezQDVrQVk=
-34,-13,cNgbYGbxeyMP4Yc2fcAFKx0lhpE=,nBf2DNV2LRCzCog5M2ezQDVrQVk=
-38,-7,cNgbYGbxeyMP4Yc2fcAFKx0lhpE=,nBf2DNV2LRCzCog5M2ezQDVrQVk=
-40,-11,cNgbYGbxeyMP4Yc2fcAFKx0lhpE=,nBf2DNV2LRCzCog5M2ezQDVrQVk=
-37,-16,cNgbYGbxeyMP4Yc2fcAFKx0lhpE=,nBf2DNV2LRCzCog5M2ezQDVrQVk=
-36,-16,cNgbYGbxeyMP4Yc2fcAFKx0lhpE=,nBf2DNV2LRCzCog5M2ezQDVrQVk=
-35,-16,cNgbYGbxeyMP4Yc2fcAFKx0lhpE=,nBf2DNV2LRCzCog5M2ezQDVrQVk=
-34,-16,cNgbYGbxeyMP4Yc2fcAFKx0lhpE=,nBf2DNV2LRCzCog5M2ezQDVrQVk=
-34,-15,cNgbYGbxeyMP4Yc2fcAFKx0lhpE=,nBf2DNV2LRCzCog5M2ezQDVrQVk=
-39,-11,cNgbYGbxeyMP4Yc2fcAFKx0lhpE=,nBf2DNV2LRCzCog5M2ezQDVrQVk=
-34,-8,cNgbYGbxeyMP4Yc2fcAFKx0lhpE=,nBf2DNV2LRCzCog5M2ezQDVrQVk=
-46,-6,cNgbYGbxeyMP4Yc2fcAFKx0lhpE=,nBf2DNV2LRCzCog5M2ezQDVrQVk=
-35,-13,cNgbYGbxeyMP4Yc2fcAFKx0lhpE=,nBf2DNV2LRCzCog5M2ezQDVrQVk=
-39,-8,cNgbYGbxeyMP4Yc2fcAFKx0lhpE=,nBf2DNV2LRCzCog5M2ezQDVrQVk=
-37,-7,cNgbYGbxeyMP4Yc2fcAFKx0lhpE=,nBf2DNV2LRCzCog5M2ezQDVrQVk=
-41,-8,cNgbYGbxeyMP4Yc2fcAFKx0lhpE=,nBf2DNV2LRCzCog5M2ezQDVrQVk=
-38,-11,cNgbYGbxeyMP4Yc2fcAFKx0lhpE=,nBf2DNV2LRCzCog5M2ezQDVrQVk=
-38,-16,cNgbYGbxeyMP4Yc2fcAFKx0lhpE=,nBf2DNV2LRCzCog5M2ezQDVrQVk=
-35,-15,cNgbYGbxeyMP4Yc2fcAFKx0lhpE=,nBf2DNV2LRCzCog5M2ezQDVrQVk=
-42,-8,cNgbYGbxeyMP4Yc2fcAFKx0lhpE=,nBf2DNV2LRCzCog5M2ezQDVrQVk=
-43,-8,cNgbYGbxeyMP4Yc2fcAFKx0lhpE=,nBf2DNV2LRCzCog5M2ezQDVrQVk=
-40,-16,cNgbYGbxeyMP4Yc2fcAFKx0lhpE=,nBf2DNV2LRCzCog5M2ezQDVrQVk=
-36,-15,cNgbYGbxeyMP4Yc2fcAFKx0lhpE=,nBf2DNV2LRCzCog5M2ezQDVrQVk=
-45,-8,cNgbYGbxeyMP4Yc2fcAFKx0lhpE=,nBf2DNV2LRCzCog5M2ezQDVrQVk=
-44,-8,cNgbYGbxeyMP4Yc2fcAFKx0lhpE=,nBf2DNV2LRCzCog5M2ezQDVrQVk=
-37,-8,cNgbYGbxeyMP4Yc2fcAFKx0lhpE=,nBf2DNV2LRCzCog5M2ezQDVrQVk=
-46,-8,cNgbYGbxeyMP4Yc2fcAFKx0lhpE=,nBf2DNV2LRCzCog5M2ezQDVrQVk=
-47,-8,cNgbYGbxeyMP4Yc2fcAFKx0lhpE=,nBf2DNV2LRCzCog5M2ezQDVrQVk=
-33,-9,cNgbYGbxeyMP4Yc2fcAFKx0lhpE=,nBf2DNV2LRCzCog5M2ezQDVrQVk=
-40,-8,cNgbYGbxeyMP4Yc2fcAFKx0lhpE=,nBf2DNV2LRCzCog5M2ezQDVrQVk=
-37,-15,cNgbYGbxeyMP4Yc2fcAFKx0lhpE=,nBf2DNV2LRCzCog5M2ezQDVrQVk=
-38,-8,cNgbYGbxeyMP4Yc2fcAFKx0lhpE=,nBf2DNV2LRCzCog5M2ezQDVrQVk=
-35,-8,cNgbYGbxeyMP4Yc2fcAFKx0lhpE=,nBf2DNV2LRCzCog5M2ezQDVrQVk=
-36,-8,cNgbYGbxeyMP4Yc2fcAFKx0lhpE=,nBf2DNV2LRCzCog5M2ezQDVrQVk=
-39,-16,cNgbYGbxeyMP4Yc2fcAFKx0lhpE=,nBf2DNV2LRCzCog5M2ezQDVrQVk=
-36,-13,cNgbYGbxeyMP4Yc2fcAFKx0lhpE=,nBf2DNV2LRCzCog5M2ezQDVrQVk=
-33,-16,cNgbYGbxeyMP4Yc2fcAFKx0lhpE=,nBf2DNV2LRCzCog5M2ezQDVrQVk=
-34,-9,cNgbYGbxeyMP4Yc2fcAFKx0lhpE=,nBf2DNV2LRCzCog5M2ezQDVrQVk=
-35,-9,cNgbYGbxeyMP4Yc2fcAFKx0lhpE=,nBf2DNV2LRCzCog5M2ezQDVrQVk=
-39,-9,cNgbYGbxeyMP4Yc2fcAFKx0lhpE=,nBf2DNV2LRCzCog5M2ezQDVrQVk=
-40,-9,cNgbYGbxeyMP4Yc2fcAFKx0lhpE=,nBf2DNV2LRCzCog5M2ezQDVrQVk=
-38,-15,cNgbYGbxeyMP4Yc2fcAFKx0lhpE=,nBf2DNV2LRCzCog5M2ezQDVrQVk=
-33,-10,cNgbYGbxeyMP4Yc2fcAFKx0lhpE=,nBf2DNV2LRCzCog5M2ezQDVrQVk=
-37,-9,cNgbYGbxeyMP4Yc2fcAFKx0lhpE=,nBf2DNV2LRCzCog5M2ezQDVrQVk=
-36,-9,cNgbYGbxeyMP4Yc2fcAFKx0lhpE=,nBf2DNV2LRCzCog5M2ezQDVrQVk=
-38,-13,cNgbYGbxeyMP4Yc2fcAFKx0lhpE=,nBf2DNV2LRCzCog5M2ezQDVrQVk=
-38,-9,cNgbYGbxeyMP4Yc2fcAFKx0lhpE=,nBf2DNV2LRCzCog5M2ezQDVrQVk=
-37,-11,cNgbYGbxeyMP4Yc2fcAFKx0lhpE=,nBf2DNV2LRCzCog5M2ezQDVrQVk=
-40,-10,cNgbYGbxeyMP4Yc2fcAFKx0lhpE=,nBf2DNV2LRCzCog5M2ezQDVrQVk=
-48,-16,cNgbYGbxeyMP4Yc2fcAFKx0lhpE=,nBf2DNV2LRCzCog5M2ezQDVrQVk=
-41,-12,cNgbYGbxeyMP4Yc2fcAFKx0lhpE=,nBf2DNV2LRCzCog5M2ezQDVrQVk=
-39,-10,cNgbYGbxeyMP4Yc2fcAFKx0lhpE=,nBf2DNV2LRCzCog5M2ezQDVrQVk=
-47,-9,cNgbYGbxeyMP4Yc2fcAFKx0lhpE=,nBf2DNV2LRCzCog5M2ezQDVrQVk=
-46,-9,cNgbYGbxeyMP4Yc2fcAFKx0lhpE=,nBf2DNV2LRCzCog5M2ezQDVrQVk=
-41,-14,cNgbYGbxeyMP4Yc2fcAFKx0lhpE=,nBf2DNV2LRCzCog5M2ezQDVrQVk=
-41,-13,cNgbYGbxeyMP4Yc2fcAFKx0lhpE=,nBf2DNV2LRCzCog5M2ezQDVrQVk=
-42,-12,cNgbYGbxeyMP4Yc2fcAFKx0lhpE=,nBf2DNV2LRCzCog5M2ezQDVrQVk=
-45,-9,cNgbYGbxeyMP4Yc2fcAFKx0lhpE=,nBf2DNV2LRCzCog5M2ezQDVrQVk=
-34,-10,cNgbYGbxeyMP4Yc2fcAFKx0lhpE=,nBf2DNV2LRCzCog5M2ezQDVrQVk=
-43,-12,cNgbYGbxeyMP4Yc2fcAFKx0lhpE=,nBf2DNV2LRCzCog5M2ezQDVrQVk=
-44,-9,cNgbYGbxeyMP4Yc2fcAFKx0lhpE=,nBf2DNV2LRCzCog5M2ezQDVrQVk=
-38,-10,cNgbYGbxeyMP4Yc2fcAFKx0lhpE=,nBf2DNV2LRCzCog5M2ezQDVrQVk=
-42,-14,cNgbYGbxeyMP4Yc2fcAFKx0lhpE=,nBf2DNV2LRCzCog5M2ezQDVrQVk=
-48,-11,cNgbYGbxeyMP4Yc2fcAFKx0lhpE=,nBf2DNV2LRCzCog5M2ezQDVrQVk=
-36,-10,cNgbYGbxeyMP4Yc2fcAFKx0lhpE=,nBf2DNV2LRCzCog5M2ezQDVrQVk=
-48,-10,cNgbYGbxeyMP4Yc2fcAFKx0lhpE=,nBf2DNV2LRCzCog5M2ezQDVrQVk=
-43,-9,cNgbYGbxeyMP4Yc2fcAFKx0lhpE=,nBf2DNV2LRCzCog5M2ezQDVrQVk=
-48,-13,cNgbYGbxeyMP4Yc2fcAFKx0lhpE=,nBf2DNV2LRCzCog5M2ezQDVrQVk=
-48,-14,cNgbYGbxeyMP4Yc2fcAFKx0lhpE=,nBf2DNV2LRCzCog5M2ezQDVrQVk=
-48,-12,cNgbYGbxeyMP4Yc2fcAFKx0lhpE=,nBf2DNV2LRCzCog5M2ezQDVrQVk=
-42,-9,cNgbYGbxeyMP4Yc2fcAFKx0lhpE=,nBf2DNV2LRCzCog5M2ezQDVrQVk=
-41,-15,cNgbYGbxeyMP4Yc2fcAFKx0lhpE=,nBf2DNV2LRCzCog5M2ezQDVrQVk=
-41,-16,cNgbYGbxeyMP4Yc2fcAFKx0lhpE=,nBf2DNV2LRCzCog5M2ezQDVrQVk=
-42,-15,cNgbYGbxeyMP4Yc2fcAFKx0lhpE=,nBf2DNV2LRCzCog5M2ezQDVrQVk=
-47,-13,cNgbYGbxeyMP4Yc2fcAFKx0lhpE=,nBf2DNV2LRCzCog5M2ezQDVrQVk=
-48,-15,cNgbYGbxeyMP4Yc2fcAFKx0lhpE=,nBf2DNV2LRCzCog5M2ezQDVrQVk=
-43,-14,cNgbYGbxeyMP4Yc2fcAFKx0lhpE=,nBf2DNV2LRCzCog5M2ezQDVrQVk=
-42,-13,cNgbYGbxeyMP4Yc2fcAFKx0lhpE=,nBf2DNV2LRCzCog5M2ezQDVrQVk=
-45,-12,cNgbYGbxeyMP4Yc2fcAFKx0lhpE=,nBf2DNV2LRCzCog5M2ezQDVrQVk=
-44,-12,cNgbYGbxeyMP4Yc2fcAFKx0lhpE=,nBf2DNV2LRCzCog5M2ezQDVrQVk=
-48,-9,cNgbYGbxeyMP4Yc2fcAFKx0lhpE=,nBf2DNV2LRCzCog5M2ezQDVrQVk=
-46,-12,cNgbYGbxeyMP4Yc2fcAFKx0lhpE=,nBf2DNV2LRCzCog5M2ezQDVrQVk=
-43,-16,cNgbYGbxeyMP4Yc2fcAFKx0lhpE=,nBf2DNV2LRCzCog5M2ezQDVrQVk=
-44,-14,cNgbYGbxeyMP4Yc2fcAFKx0lhpE=,nBf2DNV2LRCzCog5M2ezQDVrQVk=
-41,-9,cNgbYGbxeyMP4Yc2fcAFKx0lhpE=,nBf2DNV2LRCzCog5M2ezQDVrQVk=
-45,-14,cNgbYGbxeyMP4Yc2fcAFKx0lhpE=,nBf2DNV2LRCzCog5M2ezQDVrQVk=
-43,-13,cNgbYGbxeyMP4Yc2fcAFKx0lhpE=,nBf2DNV2LRCzCog5M2ezQDVrQVk=
-41,-10,cNgbYGbxeyMP4Yc2fcAFKx0lhpE=,nBf2DNV2LRCzCog5M2ezQDVrQVk=
-46,-16,cNgbYGbxeyMP4Yc2fcAFKx0lhpE=,nBf2DNV2LRCzCog5M2ezQDVrQVk=
-44,-13,cNgbYGbxeyMP4Yc2fcAFKx0lhpE=,nBf2DNV2LRCzCog5M2ezQDVrQVk=
-46,-14,cNgbYGbxeyMP4Yc2fcAFKx0lhpE=,nBf2DNV2LRCzCog5M2ezQDVrQVk=
-42,-10,cNgbYGbxeyMP4Yc2fcAFKx0lhpE=,nBf2DNV2LRCzCog5M2ezQDVrQVk=
-33,-14,cNgbYGbxeyMP4Yc2fcAFKx0lhpE=,nBf2DNV2LRCzCog5M2ezQDVrQVk=
-37,-10,cNgbYGbxeyMP4Yc2fcAFKx0lhpE=,nBf2DNV2LRCzCog5M2ezQDVrQVk=
-46,-13,cNgbYGbxeyMP4Yc2fcAFKx0lhpE=,nBf2DNV2LRCzCog5M2ezQDVrQVk=
-47,-14,HSTskwfGPiFO6LCCb5SEqACTPcY=,nBf2DNV2LRCzCog5M2ezQDVrQVk=
-47,-16,HSTskwfGPiFO6LCCb5SEqACTPcY=,nBf2DNV2LRCzCog5M2ezQDVrQVk=
-45,-13,HSTskwfGPiFO6LCCb5SEqACTPcY=,nBf2DNV2LRCzCog5M2ezQDVrQVk=
-42,-16,HSTskwfGPiFO6LCCb5SEqACTPcY=,nBf2DNV2LRCzCog5M2ezQDVrQVk=
-44,-16,HSTskwfGPiFO6LCCb5SEqACTPcY=,nBf2DNV2LRCzCog5M2ezQDVrQVk=
-37,-13,HSTskwfGPiFO6LCCb5SEqACTPcY=,nBf2DNV2LRCzCog5M2ezQDVrQVk=
-38,-14,HSTskwfGPiFO6LCCb5SEqACTPcY=,nBf2DNV2LRCzCog5M2ezQDVrQVk=
-44,-15,HSTskwfGPiFO6LCCb5SEqACTPcY=,nBf2DNV2LRCzCog5M2ezQDVrQVk=
-43,-15,HSTskwfGPiFO6LCCb5SEqACTPcY=,nBf2DNV2LRCzCog5M2ezQDVrQVk=
-46,-15,HSTskwfGPiFO6LCCb5SEqACTPcY=,nBf2DNV2LRCzCog5M2ezQDVrQVk=
-35,-10,HSTskwfGPiFO6LCCb5SEqACTPcY=,nBf2DNV2LRCzCog5M2ezQDVrQVk=
-41,-11,HSTskwfGPiFO6LCCb5SEqACTPcY=,nBf2DNV2LRCzCog5M2ezQDVrQVk=
-45,-15,HSTskwfGPiFO6LCCb5SEqACTPcY=,nBf2DNV2LRCzCog5M2ezQDVrQVk=
-47,-12,HSTskwfGPiFO6LCCb5SEqACTPcY=,nBf2DNV2LRCzCog5M2ezQDVrQVk=
-47,-11,HSTskwfGPiFO6LCCb5SEqACTPcY=,nBf2DNV2LRCzCog5M2ezQDVrQVk=
-46,-11,HSTskwfGPiFO6LCCb5SEqACTPcY=,nBf2DNV2LRCzCog5M2ezQDVrQVk=
-42,-11,HSTskwfGPiFO6LCCb5SEqACTPcY=,nBf2DNV2LRCzCog5M2ezQDVrQVk=
-43,-11,HSTskwfGPiFO6LCCb5SEqACTPcY=,nBf2DNV2LRCzCog5M2ezQDVrQVk=
-45,-11,HSTskwfGPiFO6LCCb5SEqACTPcY=,nBf2DNV2LRCzCog5M2ezQDVrQVk=
-34,-14,HSTskwfGPiFO6LCCb5SEqACTPcY=,nBf2DNV2LRCzCog5M2ezQDVrQVk=
-44,-11,HSTskwfGPiFO6LCCb5SEqACTPcY=,nBf2DNV2LRCzCog5M2ezQDVrQVk=
-44,-10,HSTskwfGPiFO6LCCb5SEqACTPcY=,nBf2DNV2LRCzCog5M2ezQDVrQVk=
-47,-15,HSTskwfGPiFO6LCCb5SEqACTPcY=,nBf2DNV2LRCzCog5M2ezQDVrQVk=
-46,-10,HSTskwfGPiFO6LCCb5SEqACTPcY=,nBf2DNV2LRCzCog5M2ezQDVrQVk=
-43,-10,HSTskwfGPiFO6LCCb5SEqACTPcY=,nBf2DNV2LRCzCog5M2ezQDVrQVk=
-47,-10,HSTskwfGPiFO6LCCb5SEqACTPcY=,nBf2DNV2LRCzCog5M2ezQDVrQVk=
-45,-16,HSTskwfGPiFO6LCCb5SEqACTPcY=,nBf2DNV2LRCzCog5M2ezQDVrQVk=
-39,-13,HSTskwfGPiFO6LCCb5SEqACTPcY=,nBf2DNV2LRCzCog5M2ezQDVrQVk=
-39,-15,HSTskwfGPiFO6LCCb5SEqACTPcY=,nBf2DNV2LRCzCog5M2ezQDVrQVk=
-45,-10,HSTskwfGPiFO6LCCb5SEqACTPcY=,nBf2DNV2LRCzCog5M2ezQDVrQVk=
-37,-14,HSTskwfGPiFO6LCCb5SEqACTPcY=,nBf2DNV2LRCzCog5M2ezQDVrQVk=
-36,-14,HSTskwfGPiFO6LCCb5SEqACTPcY=,nBf2DNV2LRCzCog5M2ezQDVrQVk=
-36,-11,HSTskwfGPiFO6LCCb5SEqACTPcY=,nBf2DNV2LRCzCog5M2ezQDVrQVk=
-35,-11,HSTskwfGPiFO6LCCb5SEqACTPcY=,nBf2DNV2LRCzCog5M2ezQDVrQVk=
-34,-11,HSTskwfGPiFO6LCCb5SEqACTPcY=,nBf2DNV2LRCzCog5M2ezQDVrQVk=
-33,-11,HSTskwfGPiFO6LCCb5SEqACTPcY=,nBf2DNV2LRCzCog5M2ezQDVrQVk=
-35,-14,HSTskwfGPiFO6LCCb5SEqACTPcY=,nBf2DNV2LRCzCog5M2ezQDVrQVk=
-39,-22,HSTskwfGPiFO6LCCb5SEqACTPcY=,aJaDUNvfRbH9gXiABzDErMkmCB4=
-40,-18,HSTskwfGPiFO6LCCb5SEqACTPcY=,aJaDUNvfRbH9gXiABzDErMkmCB4=
-39,-21,HSTskwfGPiFO6LCCb5SEqACTPcY=,aJaDUNvfRbH9gXiABzDErMkmCB4=
-42,-18,HSTskwfGPiFO6LCCb5SEqACTPcY=,aJaDUNvfRbH9gXiABzDErMkmCB4=
-37,-22,HSTskwfGPiFO6LCCb5SEqACTPcY=,aJaDUNvfRbH9gXiABzDErMkmCB4=
-39,-20,HSTskwfGPiFO6LCCb5SEqACTPcY=,aJaDUNvfRbH9gXiABzDErMkmCB4=
-39,-18,HSTskwfGPiFO6LCCb5SEqACTPcY=,aJaDUNvfRbH9gXiABzDErMkmCB4=
-38,-20,HSTskwfGPiFO6LCCb5SEqACTPcY=,aJaDUNvfRbH9gXiABzDErMkmCB4=
-41,-19,HSTskwfGPiFO6LCCb5SEqACTPcY=,aJaDUNvfRbH9gXiABzDErMkmCB4=
-45,-22,HSTskwfGPiFO6LCCb5SEqACTPcY=,aJaDUNvfRbH9gXiABzDErMkmCB4=
-43,-22,HSTskwfGPiFO6LCCb5SEqACTPcY=,aJaDUNvfRbH9gXiABzDErMkmCB4=
-38,-21,HSTskwfGPiFO6LCCb5SEqACTPcY=,aJaDUNvfRbH9gXiABzDErMkmCB4=
-37,-18,HSTskwfGPiFO6LCCb5SEqACTPcY=,aJaDUNvfRbH9gXiABzDErMkmCB4=
-42,-19,HSTskwfGPiFO6LCCb5SEqACTPcY=,aJaDUNvfRbH9gXiABzDErMkmCB4=
-33,-17,HSTskwfGPiFO6LCCb5SEqACTPcY=,aJaDUNvfRbH9gXiABzDErMkmCB4=
-34,-18,HSTskwfGPiFO6LCCb5SEqACTPcY=,aJaDUNvfRbH9gXiABzDErMkmCB4=
-42,-20,HSTskwfGPiFO6LCCb5SEqACTPcY=,aJaDUNvfRbH9gXiABzDErMkmCB4=
-47,-22,HSTskwfGPiFO6LCCb5SEqACTPcY=,aJaDUNvfRbH9gXiABzDErMkmCB4=
-35,-18,HSTskwfGPiFO6LCCb5SEqACTPcY=,aJaDUNvfRbH9gXiABzDErMkmCB4=
-41,-20,HSTskwfGPiFO6LCCb5SEqACTPcY=,aJaDUNvfRbH9gXiABzDErMkmCB4=
-33,-18,HSTskwfGPiFO6LCCb5SEqACTPcY=,aJaDUNvfRbH9gXiABzDErMkmCB4=
-42,-21,HSTskwfGPiFO6LCCb5SEqACTPcY=,aJaDUNvfRbH9gXiABzDErMkmCB4=
-42,-22,HSTskwfGPiFO6LCCb5SEqACTPcY=,aJaDUNvfRbH9gXiABzDErMkmCB4=
-41,-22,HSTskwfGPiFO6LCCb5SEqACTPcY=,aJaDUNvfRbH9gXiABzDErMkmCB4=
-48,-17,HSTskwfGPiFO6LCCb5SEqACTPcY=,aJaDUNvfRbH9gXiABzDErMkmCB4=
-40,-20,HSTskwfGPiFO6LCCb5SEqACTPcY=,aJaDUNvfRbH9gXiABzDErMkmCB4=
-40,-22,HSTskwfGPiFO6LCCb5SEqACTPcY=,aJaDUNvfRbH9gXiABzDErMkmCB4=
-43,-18,HSTskwfGPiFO6LCCb5SEqACTPcY=,aJaDUNvfRbH9gXiABzDErMkmCB4=
-41,-21,HSTskwfGPiFO6LCCb5SEqACTPcY=,aJaDUNvfRbH9gXiABzDErMkmCB4=
-48,-18,HSTskwfGPiFO6LCCb5SEqACTPcY=,aJaDUNvfRbH9gXiABzDErMkmCB4=
-46,-18,HSTskwfGPiFO6LCCb5SEqACTPcY=,aJaDUNvfRbH9gXiABzDErMkmCB4=
-45,-18,HSTskwfGPiFO6LCCb5SEqACTPcY=,aJaDUNvfRbH9gXiABzDErMkmCB4=
-47,-17,HSTskwfGPiFO6LCCb5SEqACTPcY=,aJaDUNvfRbH9gXiABzDErMkmCB4=
-44,-18,HSTskwfGPiFO6LCCb5SEqACTPcY=,aJaDUNvfRbH9gXiABzDErMkmCB4=
-47,-18,HSTskwfGPiFO6LCCb5SEqACTPcY=,aJaDUNvfRbH9gXiABzDErMkmCB4=
-46,-17,HSTskwfGPiFO6LCCb5SEqACTPcY=,aJaDUNvfRbH9gXiABzDErMkmCB4=
-41,-18,HSTskwfGPiFO6LCCb5SEqACTPcY=,aJaDUNvfRbH9gXiABzDErMkmCB4=
-34,-19,HSTskwfGPiFO6LCCb5SEqACTPcY=,aJaDUNvfRbH9gXiABzDErMkmCB4=
-33,-19,HSTskwfGPiFO6LCCb5SEqACTPcY=,aJaDUNvfRbH9gXiABzDErMkmCB4=
-36,-19,HSTskwfGPiFO6LCCb5SEqACTPcY=,aJaDUNvfRbH9gXiABzDErMkmCB4=
-44,-17,HSTskwfGPiFO6LCCb5SEqACTPcY=,aJaDUNvfRbH9gXiABzDErMkmCB4=
-37,-19,HSTskwfGPiFO6LCCb5SEqACTPcY=,aJaDUNvfRbH9gXiABzDErMkmCB4=
-45,-17,HSTskwfGPiFO6LCCb5SEqACTPcY=,aJaDUNvfRbH9gXiABzDErMkmCB4=
-35,-19,HSTskwfGPiFO6LCCb5SEqACTPcY=,aJaDUNvfRbH9gXiABzDErMkmCB4=
-43,-17,HSTskwfGPiFO6LCCb5SEqACTPcY=,aJaDUNvfRbH9gXiABzDErMkmCB4=
-42,-17,HSTskwfGPiFO6LCCb5SEqACTPcY=,aJaDUNvfRbH9gXiABzDErMkmCB4=
-39,-19,HSTskwfGPiFO6LCCb5SEqACTPcY=,aJaDUNvfRbH9gXiABzDErMkmCB4=
-37,-20,HSTskwfGPiFO6LCCb5SEqACTPcY=,aJaDUNvfRbH9gXiABzDErMkmCB4=
-40,-19,HSTskwfGPiFO6LCCb5SEqACTPcY=,aJaDUNvfRbH9gXiABzDErMkmCB4=
-44,-22,HSTskwfGPiFO6LCCb5SEqACTPcY=,aJaDUNvfRbH9gXiABzDErMkmCB4=
-43,-20,HSTskwfGPiFO6LCCb5SEqACTPcY=,aJaDUNvfRbH9gXiABzDErMkmCB4=
-44,-20,HSTskwfGPiFO6LCCb5SEqACTPcY=,aJaDUNvfRbH9gXiABzDErMkmCB4=
-41,-17,HSTskwfGPiFO6LCCb5SEqACTPcY=,aJaDUNvfRbH9gXiABzDErMkmCB4=
-40,-17,HSTskwfGPiFO6LCCb5SEqACTPcY=,aJaDUNvfRbH9gXiABzDErMkmCB4=
-43,-21,HSTskwfGPiFO6LCCb5SEqACTPcY=,aJaDUNvfRbH9gXiABzDErMkmCB4=
-38,-22,HSTskwfGPiFO6LCCb5SEqACTPcY=,aJaDUNvfRbH9gXiABzDErMkmCB4=
-43,-19,HSTskwfGPiFO6LCCb5SEqACTPcY=,aJaDUNvfRbH9gXiABzDErMkmCB4=
-44,-19,HSTskwfGPiFO6LCCb5SEqACTPcY=,aJaDUNvfRbH9gXiABzDErMkmCB4=
-45,-20,HSTskwfGPiFO6LCCb5SEqACTPcY=,aJaDUNvfRbH9gXiABzDErMkmCB4=
-38,-19,HSTskwfGPiFO6LCCb5SEqACTPcY=,aJaDUNvfRbH9gXiABzDErMkmCB4=
-38,-18,HSTskwfGPiFO6LCCb5SEqACTPcY=,aJaDUNvfRbH9gXiABzDErMkmCB4=
-44,-21,HSTskwfGPiFO6LCCb5SEqACTPcY=,aJaDUNvfRbH9gXiABzDErMkmCB4=
-47,-19,HSTskwfGPiFO6LCCb5SEqACTPcY=,aJaDUNvfRbH9gXiABzDErMkmCB4=
-45,-21,HSTskwfGPiFO6LCCb5SEqACTPcY=,aJaDUNvfRbH9gXiABzDErMkmCB4=
-45,-19,HSTskwfGPiFO6LCCb5SEqACTPcY=,aJaDUNvfRbH9gXiABzDErMkmCB4=
-36,-18,HSTskwfGPiFO6LCCb5SEqACTPcY=,aJaDUNvfRbH9gXiABzDErMkmCB4=
-34,-17,HSTskwfGPiFO6LCCb5SEqACTPcY=,aJaDUNvfRbH9gXiABzDErMkmCB4=
-46,-19,HSTskwfGPiFO6LCCb5SEqACTPcY=,aJaDUNvfRbH9gXiABzDErMkmCB4=
-46,-21,HSTskwfGPiFO6LCCb5SEqACTPcY=,aJaDUNvfRbH9gXiABzDErMkmCB4=
-47,-21,HSTskwfGPiFO6LCCb5SEqACTPcY=,aJaDUNvfRbH9gXiABzDErMkmCB4=
-47,-20,HSTskwfGPiFO6LCCb5SEqACTPcY=,aJaDUNvfRbH9gXiABzDErMkmCB4=
-48,-19,HSTskwfGPiFO6LCCb5SEqACTPcY=,aJaDUNvfRbH9gXiABzDErMkmCB4=
-48,-21,HSTskwfGPiFO6LCCb5SEqACTPcY=,aJaDUNvfRbH9gXiABzDErMkmCB4=
-39,-17,HSTskwfGPiFO6LCCb5SEqACTPcY=,aJaDUNvfRbH9gXiABzDErMkmCB4=
-48,-22,HSTskwfGPiFO6LCCb5SEqACTPcY=,aJaDUNvfRbH9gXiABzDErMkmCB4=
-33,-20,HSTskwfGPiFO6LCCb5SEqACTPcY=,aJaDUNvfRbH9gXiABzDErMkmCB4=
-35,-22,HSTskwfGPiFO6LCCb5SEqACTPcY=,aJaDUNvfRbH9gXiABzDErMkmCB4=
-34,-20,HSTskwfGPiFO6LCCb5SEqACTPcY=,aJaDUNvfRbH9gXiABzDErMkmCB4=
-46,-20,HSTskwfGPiFO6LCCb5SEqACTPcY=,aJaDUNvfRbH9gXiABzDErMkmCB4=
-40,-21,HSTskwfGPiFO6LCCb5SEqACTPcY=,aJaDUNvfRbH9gXiABzDErMkmCB4=
-37,-17,HSTskwfGPiFO6LCCb5SEqACTPcY=,aJaDUNvfRbH9gXiABzDErMkmCB4=
-34,-22,HSTskwfGPiFO6LCCb5SEqACTPcY=,aJaDUNvfRbH9gXiABzDErMkmCB4=
-38,-17,HSTskwfGPiFO6LCCb5SEqACTPcY=,aJaDUNvfRbH9gXiABzDErMkmCB4=
-35,-20,HSTskwfGPiFO6LCCb5SEqACTPcY=,aJaDUNvfRbH9gXiABzDErMkmCB4=
-36,-17,HSTskwfGPiFO6LCCb5SEqACTPcY=,aJaDUNvfRbH9gXiABzDErMkmCB4=
-33,-21,HSTskwfGPiFO6LCCb5SEqACTPcY=,aJaDUNvfRbH9gXiABzDErMkmCB4=
-34,-21,HSTskwfGPiFO6LCCb5SEqACTPcY=,aJaDUNvfRbH9gXiABzDErMkmCB4=
-35,-21,HSTskwfGPiFO6LCCb5SEqACTPcY=,aJaDUNvfRbH9gXiABzDErMkmCB4=
-48,-20,HSTskwfGPiFO6LCCb5SEqACTPcY=,aJaDUNvfRbH9gXiABzDErMkmCB4=
-46,-22,HSTskwfGPiFO6LCCb5SEqACTPcY=,aJaDUNvfRbH9gXiABzDErMkmCB4=
-33,-22,HSTskwfGPiFO6LCCb5SEqACTPcY=,aJaDUNvfRbH9gXiABzDErMkmCB4=
-35,-17,HSTskwfGPiFO6LCCb5SEqACTPcY=,aJaDUNvfRbH9gXiABzDErMkmCB4=
-36,-22,HSTskwfGPiFO6LCCb5SEqACTPcY=,aJaDUNvfRbH9gXiABzDErMkmCB4=
-36,-21,HSTskwfGPiFO6LCCb5SEqACTPcY=,aJaDUNvfRbH9gXiABzDErMkmCB4=
-36,-20,HSTskwfGPiFO6LCCb5SEqACTPcY=,aJaDUNvfRbH9gXiABzDErMkmCB4=
-37,-21,HSTskwfGPiFO6LCCb5SEqACTPcY=,aJaDUNvfRbH9gXiABzDErMkmCB4=
-62,-20,g0aPA7HEEKwbsrw3TbpJEGqF5vs=,qX+jmnC3TrXc9xxO8iFgBdTkHnI=
-55,-17,g0aPA7HEEKwbsrw3TbpJEGqF5vs=,qX+jmnC3TrXc9xxO8iFgBdTkHnI=
-54,-17,g0aPA7HEEKwbsrw3TbpJEGqF5vs=,qX+jmnC3TrXc9xxO8iFgBdTkHnI=
-57,-17,g0aPA7HEEKwbsrw3TbpJEGqF5vs=,qX+jmnC3TrXc9xxO8iFgBdTkHnI=
-56,-17,g0aPA7HEEKwbsrw3TbpJEGqF5vs=,qX+jmnC3TrXc9xxO8iFgBdTkHnI=
-58,-17,g0aPA7HEEKwbsrw3TbpJEGqF5vs=,qX+jmnC3TrXc9xxO8iFgBdTkHnI=
-59,-17,g0aPA7HEEKwbsrw3TbpJEGqF5vs=,qX+jmnC3TrXc9xxO8iFgBdTkHnI=
-60,-17,g0aPA7HEEKwbsrw3TbpJEGqF5vs=,qX+jmnC3TrXc9xxO8iFgBdTkHnI=
-61,-17,g0aPA7HEEKwbsrw3TbpJEGqF5vs=,qX+jmnC3TrXc9xxO8iFgBdTkHnI=
-53,-17,g0aPA7HEEKwbsrw3TbpJEGqF5vs=,qX+jmnC3TrXc9xxO8iFgBdTkHnI=
-50,-17,g0aPA7HEEKwbsrw3TbpJEGqF5vs=,qX+jmnC3TrXc9xxO8iFgBdTkHnI=
-52,-17,g0aPA7HEEKwbsrw3TbpJEGqF5vs=,qX+jmnC3TrXc9xxO8iFgBdTkHnI=
-49,-17,g0aPA7HEEKwbsrw3TbpJEGqF5vs=,qX+jmnC3TrXc9xxO8iFgBdTkHnI=
-54,-22,g0aPA7HEEKwbsrw3TbpJEGqF5vs=,qX+jmnC3TrXc9xxO8iFgBdTkHnI=
-49,-18,g0aPA7HEEKwbsrw3TbpJEGqF5vs=,qX+jmnC3TrXc9xxO8iFgBdTkHnI=
-55,-18,g0aPA7HEEKwbsrw3TbpJEGqF5vs=,qX+jmnC3TrXc9xxO8iFgBdTkHnI=
-56,-18,g0aPA7HEEKwbsrw3TbpJEGqF5vs=,qX+jmnC3TrXc9xxO8iFgBdTkHnI=
-57,-18,g0aPA7HEEKwbsrw3TbpJEGqF5vs=,qX+jmnC3TrXc9xxO8iFgBdTkHnI=
-58,-18,g0aPA7HEEKwbsrw3TbpJEGqF5vs=,qX+jmnC3TrXc9xxO8iFgBdTkHnI=
-59,-18,g0aPA7HEEKwbsrw3TbpJEGqF5vs=,qX+jmnC3TrXc9xxO8iFgBdTkHnI=
-60,-18,g0aPA7HEEKwbsrw3TbpJEGqF5vs=,qX+jmnC3TrXc9xxO8iFgBdTkHnI=
-61,-18,g0aPA7HEEKwbsrw3TbpJEGqF5vs=,qX+jmnC3TrXc9xxO8iFgBdTkHnI=
-51,-17,g0aPA7HEEKwbsrw3TbpJEGqF5vs=,qX+jmnC3TrXc9xxO8iFgBdTkHnI=
-55,-22,g0aPA7HEEKwbsrw3TbpJEGqF5vs=,qX+jmnC3TrXc9xxO8iFgBdTkHnI=
-56,-22,g0aPA7HEEKwbsrw3TbpJEGqF5vs=,qX+jmnC3TrXc9xxO8iFgBdTkHnI=
-54,-18,g0aPA7HEEKwbsrw3TbpJEGqF5vs=,qX+jmnC3TrXc9xxO8iFgBdTkHnI=
-50,-18,g0aPA7HEEKwbsrw3TbpJEGqF5vs=,qX+jmnC3TrXc9xxO8iFgBdTkHnI=
-57,-22,g0aPA7HEEKwbsrw3TbpJEGqF5vs=,qX+jmnC3TrXc9xxO8iFgBdTkHnI=
-52,-18,g0aPA7HEEKwbsrw3TbpJEGqF5vs=,qX+jmnC3TrXc9xxO8iFgBdTkHnI=
-51,-18,g0aPA7HEEKwbsrw3TbpJEGqF5vs=,qX+jmnC3TrXc9xxO8iFgBdTkHnI=
-49,-22,g0aPA7HEEKwbsrw3TbpJEGqF5vs=,qX+jmnC3TrXc9xxO8iFgBdTkHnI=
-53,-18,g0aPA7HEEKwbsrw3TbpJEGqF5vs=,qX+jmnC3TrXc9xxO8iFgBdTkHnI=
-50,-19,g0aPA7HEEKwbsrw3TbpJEGqF5vs=,qX+jmnC3TrXc9xxO8iFgBdTkHnI=
-55,-19,g0aPA7HEEKwbsrw3TbpJEGqF5vs=,qX+jmnC3TrXc9xxO8iFgBdTkHnI=
-56,-19,g0aPA7HEEKwbsrw3TbpJEGqF5vs=,qX+jmnC3TrXc9xxO8iFgBdTkHnI=
-57,-19,g0aPA7HEEKwbsrw3TbpJEGqF5vs=,qX+jmnC3TrXc9xxO8iFgBdTkHnI=
-58,-19,g0aPA7HEEKwbsrw3TbpJEGqF5vs=,qX+jmnC3TrXc9xxO8iFgBdTkHnI=
-59,-19,g0aPA7HEEKwbsrw3TbpJEGqF5vs=,qX+jmnC3TrXc9xxO8iFgBdTkHnI=
-60,-19,g0aPA7HEEKwbsrw3TbpJEGqF5vs=,qX+jmnC3TrXc9xxO8iFgBdTkHnI=
-61,-19,g0aPA7HEEKwbsrw3TbpJEGqF5vs=,qX+jmnC3TrXc9xxO8iFgBdTkHnI=
-50,-22,g0aPA7HEEKwbsrw3TbpJEGqF5vs=,qX+jmnC3TrXc9xxO8iFgBdTkHnI=
-62,-19,g0aPA7HEEKwbsrw3TbpJEGqF5vs=,qX+jmnC3TrXc9xxO8iFgBdTkHnI=
-58,-22,g0aPA7HEEKwbsrw3TbpJEGqF5vs=,qX+jmnC3TrXc9xxO8iFgBdTkHnI=
-59,-22,g0aPA7HEEKwbsrw3TbpJEGqF5vs=,qX+jmnC3TrXc9xxO8iFgBdTkHnI=
-61,-22,g0aPA7HEEKwbsrw3TbpJEGqF5vs=,qX+jmnC3TrXc9xxO8iFgBdTkHnI=
-53,-19,g0aPA7HEEKwbsrw3TbpJEGqF5vs=,qX+jmnC3TrXc9xxO8iFgBdTkHnI=
-49,-19,g0aPA7HEEKwbsrw3TbpJEGqF5vs=,qX+jmnC3TrXc9xxO8iFgBdTkHnI=
-52,-19,g0aPA7HEEKwbsrw3TbpJEGqF5vs=,qX+jmnC3TrXc9xxO8iFgBdTkHnI=
-63,-22,g0aPA7HEEKwbsrw3TbpJEGqF5vs=,qX+jmnC3TrXc9xxO8iFgBdTkHnI=
-51,-19,g0aPA7HEEKwbsrw3TbpJEGqF5vs=,qX+jmnC3TrXc9xxO8iFgBdTkHnI=
-54,-19,g0aPA7HEEKwbsrw3TbpJEGqF5vs=,qX+jmnC3TrXc9xxO8iFgBdTkHnI=
-62,-22,g0aPA7HEEKwbsrw3TbpJEGqF5vs=,qX+jmnC3TrXc9xxO8iFgBdTkHnI=
-51,-22,g0aPA7HEEKwbsrw3TbpJEGqF5vs=,qX+jmnC3TrXc9xxO8iFgBdTkHnI=
-49,-20,g0aPA7HEEKwbsrw3TbpJEGqF5vs=,qX+jmnC3TrXc9xxO8iFgBdTkHnI=
-50,-20,g0aPA7HEEKwbsrw3TbpJEGqF5vs=,qX+jmnC3TrXc9xxO8iFgBdTkHnI=
-51,-20,g0aPA7HEEKwbsrw3TbpJEGqF5vs=,qX+jmnC3TrXc9xxO8iFgBdTkHnI=
-52,-22,g0aPA7HEEKwbsrw3TbpJEGqF5vs=,qX+jmnC3TrXc9xxO8iFgBdTkHnI=
-55,-21,g0aPA7HEEKwbsrw3TbpJEGqF5vs=,qX+jmnC3TrXc9xxO8iFgBdTkHnI=
-53,-20,g0aPA7HEEKwbsrw3TbpJEGqF5vs=,qX+jmnC3TrXc9xxO8iFgBdTkHnI=
-53,-22,g0aPA7HEEKwbsrw3TbpJEGqF5vs=,qX+jmnC3TrXc9xxO8iFgBdTkHnI=
-57,-21,g0aPA7HEEKwbsrw3TbpJEGqF5vs=,qX+jmnC3TrXc9xxO8iFgBdTkHnI=
-56,-21,g0aPA7HEEKwbsrw3TbpJEGqF5vs=,qX+jmnC3TrXc9xxO8iFgBdTkHnI=
-58,-21,g0aPA7HEEKwbsrw3TbpJEGqF5vs=,qX+jmnC3TrXc9xxO8iFgBdTkHnI=
-59,-21,g0aPA7HEEKwbsrw3TbpJEGqF5vs=,qX+jmnC3TrXc9xxO8iFgBdTkHnI=
-60,-21,g0aPA7HEEKwbsrw3TbpJEGqF5vs=,qX+jmnC3TrXc9xxO8iFgBdTkHnI=
-62,-21,g0aPA7HEEKwbsrw3TbpJEGqF5vs=,qX+jmnC3TrXc9xxO8iFgBdTkHnI=
-61,-21,g0aPA7HEEKwbsrw3TbpJEGqF5vs=,qX+jmnC3TrXc9xxO8iFgBdTkHnI=
-52,-20,g0aPA7HEEKwbsrw3TbpJEGqF5vs=,qX+jmnC3TrXc9xxO8iFgBdTkHnI=
-55,-20,g0aPA7HEEKwbsrw3TbpJEGqF5vs=,qX+jmnC3TrXc9xxO8iFgBdTkHnI=
-60,-22,g0aPA7HEEKwbsrw3TbpJEGqF5vs=,qX+jmnC3TrXc9xxO8iFgBdTkHnI=
-57,-20,g0aPA7HEEKwbsrw3TbpJEGqF5vs=,qX+jmnC3TrXc9xxO8iFgBdTkHnI=
-56,-20,g0aPA7HEEKwbsrw3TbpJEGqF5vs=,qX+jmnC3TrXc9xxO8iFgBdTkHnI=
-58,-20,g0aPA7HEEKwbsrw3TbpJEGqF5vs=,qX+jmnC3TrXc9xxO8iFgBdTkHnI=
-59,-20,g0aPA7HEEKwbsrw3TbpJEGqF5vs=,qX+jmnC3TrXc9xxO8iFgBdTkHnI=
-60,-20,g0aPA7HEEKwbsrw3TbpJEGqF5vs=,qX+jmnC3TrXc9xxO8iFgBdTkHnI=
-61,-20,g0aPA7HEEKwbsrw3TbpJEGqF5vs=,qX+jmnC3TrXc9xxO8iFgBdTkHnI=
-50,-21,g0aPA7HEEKwbsrw3TbpJEGqF5vs=,qX+jmnC3TrXc9xxO8iFgBdTkHnI=
-51,-21,g0aPA7HEEKwbsrw3TbpJEGqF5vs=,qX+jmnC3TrXc9xxO8iFgBdTkHnI=
-52,-21,g0aPA7HEEKwbsrw3TbpJEGqF5vs=,qX+jmnC3TrXc9xxO8iFgBdTkHnI=
-49,-21,g0aPA7HEEKwbsrw3TbpJEGqF5vs=,qX+jmnC3TrXc9xxO8iFgBdTkHnI=
-54,-21,g0aPA7HEEKwbsrw3TbpJEGqF5vs=,qX+jmnC3TrXc9xxO8iFgBdTkHnI=
-53,-21,g0aPA7HEEKwbsrw3TbpJEGqF5vs=,qX+jmnC3TrXc9xxO8iFgBdTkHnI=
-54,-20,g0aPA7HEEKwbsrw3TbpJEGqF5vs=,qX+jmnC3TrXc9xxO8iFgBdTkHnI=
-62,-18,g0aPA7HEEKwbsrw3TbpJEGqF5vs=,qX+jmnC3TrXc9xxO8iFgBdTkHnI=
-63,-21,g0aPA7HEEKwbsrw3TbpJEGqF5vs=,qX+jmnC3TrXc9xxO8iFgBdTkHnI=
-64,-22,g0aPA7HEEKwbsrw3TbpJEGqF5vs=,qX+jmnC3TrXc9xxO8iFgBdTkHnI=
-63,-17,g0aPA7HEEKwbsrw3TbpJEGqF5vs=,qX+jmnC3TrXc9xxO8iFgBdTkHnI=
-64,-20,g0aPA7HEEKwbsrw3TbpJEGqF5vs=,qX+jmnC3TrXc9xxO8iFgBdTkHnI=
-63,-20,g0aPA7HEEKwbsrw3TbpJEGqF5vs=,qX+jmnC3TrXc9xxO8iFgBdTkHnI=
-62,-17,g0aPA7HEEKwbsrw3TbpJEGqF5vs=,qX+jmnC3TrXc9xxO8iFgBdTkHnI=
-64,-18,g0aPA7HEEKwbsrw3TbpJEGqF5vs=,qX+jmnC3TrXc9xxO8iFgBdTkHnI=
-63,-18,g0aPA7HEEKwbsrw3TbpJEGqF5vs=,qX+jmnC3TrXc9xxO8iFgBdTkHnI=
-64,-17,g0aPA7HEEKwbsrw3TbpJEGqF5vs=,qX+jmnC3TrXc9xxO8iFgBdTkHnI=
-63,-19,g0aPA7HEEKwbsrw3TbpJEGqF5vs=,qX+jmnC3TrXc9xxO8iFgBdTkHnI=
-64,-21,g0aPA7HEEKwbsrw3TbpJEGqF5vs=,qX+jmnC3TrXc9xxO8iFgBdTkHnI=
-64,-19,g0aPA7HEEKwbsrw3TbpJEGqF5vs=,qX+jmnC3TrXc9xxO8iFgBdTkHnI=
-54,-15,n2liL1PefKejGiQ/ovODElKkZpA=,m7AAwncaexk4L/EwwbFQZWB1TwA=
-55,-15,n2liL1PefKejGiQ/ovODElKkZpA=,m7AAwncaexk4L/EwwbFQZWB1TwA=
-56,-15,n2liL1PefKejGiQ/ovODElKkZpA=,m7AAwncaexk4L/EwwbFQZWB1TwA=
-56,-16,n2liL1PefKejGiQ/ovODElKkZpA=,m7AAwncaexk4L/EwwbFQZWB1TwA=
-57,-15,n2liL1PefKejGiQ/ovODElKkZpA=,m7AAwncaexk4L/EwwbFQZWB1TwA=
-57,-16,n2liL1PefKejGiQ/ovODElKkZpA=,m7AAwncaexk4L/EwwbFQZWB1TwA=
-58,-15,n2liL1PefKejGiQ/ovODElKkZpA=,m7AAwncaexk4L/EwwbFQZWB1TwA=
-59,-15,n2liL1PefKejGiQ/ovODElKkZpA=,m7AAwncaexk4L/EwwbFQZWB1TwA=
-60,-15,n2liL1PefKejGiQ/ovODElKkZpA=,m7AAwncaexk4L/EwwbFQZWB1TwA=
-54,-16,n2liL1PefKejGiQ/ovODElKkZpA=,m7AAwncaexk4L/EwwbFQZWB1TwA=
-55,-16,n2liL1PefKejGiQ/ovODElKkZpA=,m7AAwncaexk4L/EwwbFQZWB1TwA=
-64,-15,n2liL1PefKejGiQ/ovODElKkZpA=,m7AAwncaexk4L/EwwbFQZWB1TwA=
-54,-10,n2liL1PefKejGiQ/ovODElKkZpA=,m7AAwncaexk4L/EwwbFQZWB1TwA=
-53,-10,n2liL1PefKejGiQ/ovODElKkZpA=,m7AAwncaexk4L/EwwbFQZWB1TwA=
-55,-1,n2liL1PefKejGiQ/ovODElKkZpA=,m7AAwncaexk4L/EwwbFQZWB1TwA=
-61,-10,n2liL1PefKejGiQ/ovODElKkZpA=,m7AAwncaexk4L/EwwbFQZWB1TwA=
-53,-16,n2liL1PefKejGiQ/ovODElKkZpA=,m7AAwncaexk4L/EwwbFQZWB1TwA=
-56,-1,n2liL1PefKejGiQ/ovODElKkZpA=,m7AAwncaexk4L/EwwbFQZWB1TwA=
-57,-1,n2liL1PefKejGiQ/ovODElKkZpA=,m7AAwncaexk4L/EwwbFQZWB1TwA=
-60,-10,n2liL1PefKejGiQ/ovODElKkZpA=,m7AAwncaexk4L/EwwbFQZWB1TwA=
-52,-16,n2liL1PefKejGiQ/ovODElKkZpA=,m7AAwncaexk4L/EwwbFQZWB1TwA=
-58,-1,n2liL1PefKejGiQ/ovODElKkZpA=,m7AAwncaexk4L/EwwbFQZWB1TwA=
-62,-10,n2liL1PefKejGiQ/ovODElKkZpA=,m7AAwncaexk4L/EwwbFQZWB1TwA=
-63,-15,n2liL1PefKejGiQ/ovODElKkZpA=,m7AAwncaexk4L/EwwbFQZWB1TwA=
-59,-1,n2liL1PefKejGiQ/ovODElKkZpA=,m7AAwncaexk4L/EwwbFQZWB1TwA=
-49,-1,n2liL1PefKejGiQ/ovODElKkZpA=,m7AAwncaexk4L/EwwbFQZWB1TwA=
-51,-16,n2liL1PefKejGiQ/ovODElKkZpA=,m7AAwncaexk4L/EwwbFQZWB1TwA=
-62,-15,n2liL1PefKejGiQ/ovODElKkZpA=,m7AAwncaexk4L/EwwbFQZWB1TwA=
-60,-1,n2liL1PefKejGiQ/ovODElKkZpA=,m7AAwncaexk4L/EwwbFQZWB1TwA=
-61,-1,n2liL1PefKejGiQ/ovODElKkZpA=,m7AAwncaexk4L/EwwbFQZWB1TwA=
-56,-10,n2liL1PefKejGiQ/ovODElKkZpA=,m7AAwncaexk4L/EwwbFQZWB1TwA=
-55,-10,n2liL1PefKejGiQ/ovODElKkZpA=,m7AAwncaexk4L/EwwbFQZWB1TwA=
-61,-15,n2liL1PefKejGiQ/ovODElKkZpA=,m7AAwncaexk4L/EwwbFQZWB1TwA=
-50,-16,n2liL1PefKejGiQ/ovODElKkZpA=,m7AAwncaexk4L/EwwbFQZWB1TwA=
-63,-10,n2liL1PefKejGiQ/ovODElKkZpA=,m7AAwncaexk4L/EwwbFQZWB1TwA=
-49,-16,n2liL1PefKejGiQ/ovODElKkZpA=,m7AAwncaexk4L/EwwbFQZWB1TwA=
-62,-1,n2liL1PefKejGiQ/ovODElKkZpA=,m7AAwncaexk4L/EwwbFQZWB1TwA=
-63,-16,n2liL1PefKejGiQ/ovODElKkZpA=,m7AAwncaexk4L/EwwbFQZWB1TwA=
-64,-10,n2liL1PefKejGiQ/ovODElKkZpA=,m7AAwncaexk4L/EwwbFQZWB1TwA=
-63,-1,n2liL1PefKejGiQ/ovODElKkZpA=,m7AAwncaexk4L/EwwbFQZWB1TwA=
-58,-10,n2liL1PefKejGiQ/ovODElKkZpA=,m7AAwncaexk4L/EwwbFQZWB1TwA=
-64,-1,n2liL1PefKejGiQ/ovODElKkZpA=,m7AAwncaexk4L/EwwbFQZWB1TwA=
-50,-1,n2liL1PefKejGiQ/ovODElKkZpA=,m7AAwncaexk4L/EwwbFQZWB1TwA=
-59,-10,n2liL1PefKejGiQ/ovODElKkZpA=,m7AAwncaexk4L/EwwbFQZWB1TwA=
-64,-16,n2liL1PefKejGiQ/ovODElKkZpA=,m7AAwncaexk4L/EwwbFQZWB1TwA=
-51,-1,n2liL1PefKejGiQ/ovODElKkZpA=,m7AAwncaexk4L/EwwbFQZWB1TwA=
-54,-1,n2liL1PefKejGiQ/ovODElKkZpA=,m7AAwncaexk4L/EwwbFQZWB1TwA=
-49,-2,n2liL1PefKejGiQ/ovODElKkZpA=,m7AAwncaexk4L/EwwbFQZWB1TwA=
-57,-10,n2liL1PefKejGiQ/ovODElKkZpA=,m7AAwncaexk4L/EwwbFQZWB1TwA=
-55,-2,n2liL1PefKejGiQ/ovODElKkZpA=,m7AAwncaexk4L/EwwbFQZWB1TwA=
-52,-2,n2liL1PefKejGiQ/ovODElKkZpA=,m7AAwncaexk4L/EwwbFQZWB1TwA=
-57,-2,n2liL1PefKejGiQ/ovODElKkZpA=,m7AAwncaexk4L/EwwbFQZWB1TwA=
-56,-2,n2liL1PefKejGiQ/ovODElKkZpA=,m7AAwncaexk4L/EwwbFQZWB1TwA=
-54,-2,n2liL1PefKejGiQ/ovODElKkZpA=,m7AAwncaexk4L/EwwbFQZWB1TwA=
-58,-2,n2liL1PefKejGiQ/ovODElKkZpA=,m7AAwncaexk4L/EwwbFQZWB1TwA=
-53,-1,n2liL1PefKejGiQ/ovODElKkZpA=,m7AAwncaexk4L/EwwbFQZWB1TwA=
-50,-2,n2liL1PefKejGiQ/ovODElKkZpA=,m7AAwncaexk4L/EwwbFQZWB1TwA=
-51,-2,n2liL1PefKejGiQ/ovODElKkZpA=,m7AAwncaexk4L/EwwbFQZWB1TwA=
-53,-2,n2liL1PefKejGiQ/ovODElKkZpA=,m7AAwncaexk4L/EwwbFQZWB1TwA=
-59,-2,n2liL1PefKejGiQ/ovODElKkZpA=,m7AAwncaexk4L/EwwbFQZWB1TwA=
-60,-2,n2liL1PefKejGiQ/ovODElKkZpA=,m7AAwncaexk4L/EwwbFQZWB1TwA=
-61,-2,n2liL1PefKejGiQ/ovODElKkZpA=,m7AAwncaexk4L/EwwbFQZWB1TwA=
-49,-11,n2liL1PefKejGiQ/ovODElKkZpA=,m7AAwncaexk4L/EwwbFQZWB1TwA=
-62,-2,n2liL1PefKejGiQ/ovODElKkZpA=,m7AAwncaexk4L/EwwbFQZWB1TwA=
-50,-11,n2liL1PefKejGiQ/ovODElKkZpA=,m7AAwncaexk4L/EwwbFQZWB1TwA=
-63,-2,n2liL1PefKejGiQ/ovODElKkZpA=,m7AAwncaexk4L/EwwbFQZWB1TwA=
-51,-11,n2liL1PefKejGiQ/ovODElKkZpA=,m7AAwncaexk4L/EwwbFQZWB1TwA=
-64,-2,n2liL1PefKejGiQ/ovODElKkZpA=,m7AAwncaexk4L/EwwbFQZWB1TwA=
-49,-3,n2liL1PefKejGiQ/ovODElKkZpA=,m7AAwncaexk4L/EwwbFQZWB1TwA=
-50,-3,n2liL1PefKejGiQ/ovODElKkZpA=,m7AAwncaexk4L/EwwbFQZWB1TwA=
-51,-3,n2liL1PefKejGiQ/ovODElKkZpA=,m7AAwncaexk4L/EwwbFQZWB1TwA=
-54,-3,n2liL1PefKejGiQ/ovODElKkZpA=,m7AAwncaexk4L/EwwbFQZWB1TwA=
-55,-3,n2liL1PefKejGiQ/ovODElKkZpA=,m7AAwncaexk4L/EwwbFQZWB1TwA=
-56,-3,n2liL1PefKejGiQ/ovODElKkZpA=,m7AAwncaexk4L/EwwbFQZWB1TwA=
-52,-11,n2liL1PefKejGiQ/ovODElKkZpA=,m7AAwncaexk4L/EwwbFQZWB1TwA=
-57,-3,n2liL1PefKejGiQ/ovODElKkZpA=,m7AAwncaexk4L/EwwbFQZWB1TwA=
-58,-3,n2liL1PefKejGiQ/ovODElKkZpA=,m7AAwncaexk4L/EwwbFQZWB1TwA=
-60,-3,n2liL1PefKejGiQ/ovODElKkZpA=,m7AAwncaexk4L/EwwbFQZWB1TwA=
-61,-3,n2liL1PefKejGiQ/ovODElKkZpA=,m7AAwncaexk4L/EwwbFQZWB1TwA=
-59,-3,n2liL1PefKejGiQ/ovODElKkZpA=,m7AAwncaexk4L/EwwbFQZWB1TwA=
-53,-3,n2liL1PefKejGiQ/ovODElKkZpA=,m7AAwncaexk4L/EwwbFQZWB1TwA=
-62,-3,n2liL1PefKejGiQ/ovODElKkZpA=,m7AAwncaexk4L/EwwbFQZWB1TwA=
-52,-1,n2liL1PefKejGiQ/ovODElKkZpA=,m7AAwncaexk4L/EwwbFQZWB1TwA=
-64,-3,n2liL1PefKejGiQ/ovODElKkZpA=,m7AAwncaexk4L/EwwbFQZWB1TwA=
-63,-3,n2liL1PefKejGiQ/ovODElKkZpA=,m7AAwncaexk4L/EwwbFQZWB1TwA=
-53,-11,n2liL1PefKejGiQ/ovODElKkZpA=,m7AAwncaexk4L/EwwbFQZWB1TwA=
-54,-11,n2liL1PefKejGiQ/ovODElKkZpA=,m7AAwncaexk4L/EwwbFQZWB1TwA=
-55,-11,n2liL1PefKejGiQ/ovODElKkZpA=,m7AAwncaexk4L/EwwbFQZWB1TwA=
-50,-4,n2liL1PefKejGiQ/ovODElKkZpA=,m7AAwncaexk4L/EwwbFQZWB1TwA=
-58,-16,n2liL1PefKejGiQ/ovODElKkZpA=,m7AAwncaexk4L/EwwbFQZWB1TwA=
-49,-4,n2liL1PefKejGiQ/ovODElKkZpA=,m7AAwncaexk4L/EwwbFQZWB1TwA=
-53,-4,n2liL1PefKejGiQ/ovODElKkZpA=,m7AAwncaexk4L/EwwbFQZWB1TwA=
-56,-4,n2liL1PefKejGiQ/ovODElKkZpA=,m7AAwncaexk4L/EwwbFQZWB1TwA=
-56,-11,n2liL1PefKejGiQ/ovODElKkZpA=,m7AAwncaexk4L/EwwbFQZWB1TwA=
-57,-4,n2liL1PefKejGiQ/ovODElKkZpA=,m7AAwncaexk4L/EwwbFQZWB1TwA=
-55,-4,n2liL1PefKejGiQ/ovODElKkZpA=,m7AAwncaexk4L/EwwbFQZWB1TwA=
-54,-4,n2liL1PefKejGiQ/ovODElKkZpA=,m7AAwncaexk4L/EwwbFQZWB1TwA=
-52,-3,n2liL1PefKejGiQ/ovODElKkZpA=,m7AAwncaexk4L/EwwbFQZWB1TwA=
-58,-4,n2liL1PefKejGiQ/ovODElKkZpA=,m7AAwncaexk4L/EwwbFQZWB1TwA=
-51,-4,n2liL1PefKejGiQ/ovODElKkZpA=,m7AAwncaexk4L/EwwbFQZWB1TwA=
-59,-4,n2liL1PefKejGiQ/ovODElKkZpA=,m7AAwncaexk4L/EwwbFQZWB1TwA=
-60,-4,n2liL1PefKejGiQ/ovODElKkZpA=,m7AAwncaexk4L/EwwbFQZWB1TwA=
-57,-11,n2liL1PefKejGiQ/ovODElKkZpA=,m7AAwncaexk4L/EwwbFQZWB1TwA=
-61,-4,n2liL1PefKejGiQ/ovODElKkZpA=,m7AAwncaexk4L/EwwbFQZWB1TwA=
-63,-4,n2liL1PefKejGiQ/ovODElKkZpA=,m7AAwncaexk4L/EwwbFQZWB1TwA=
-62,-4,n2liL1PefKejGiQ/ovODElKkZpA=,m7AAwncaexk4L/EwwbFQZWB1TwA=
-58,-11,n2liL1PefKejGiQ/ovODElKkZpA=,m7AAwncaexk4L/EwwbFQZWB1TwA=
-59,-11,n2liL1PefKejGiQ/ovODElKkZpA=,m7AAwncaexk4L/EwwbFQZWB1TwA=
-60,-11,n2liL1PefKejGiQ/ovODElKkZpA=,m7AAwncaexk4L/EwwbFQZWB1TwA=
-64,-4,n2liL1PefKejGiQ/ovODElKkZpA=,m7AAwncaexk4L/EwwbFQZWB1TwA=
-54,-5,n2liL1PefKejGiQ/ovODElKkZpA=,m7AAwncaexk4L/EwwbFQZWB1TwA=
-56,-5,n2liL1PefKejGiQ/ovODElKkZpA=,m7AAwncaexk4L/EwwbFQZWB1TwA=
-55,-5,n2liL1PefKejGiQ/ovODElKkZpA=,m7AAwncaexk4L/EwwbFQZWB1TwA=
-53,-5,n2liL1PefKejGiQ/ovODElKkZpA=,m7AAwncaexk4L/EwwbFQZWB1TwA=
-57,-5,n2liL1PefKejGiQ/ovODElKkZpA=,m7AAwncaexk4L/EwwbFQZWB1TwA=
-49,-5,n2liL1PefKejGiQ/ovODElKkZpA=,m7AAwncaexk4L/EwwbFQZWB1TwA=
-52,-5,n2liL1PefKejGiQ/ovODElKkZpA=,m7AAwncaexk4L/EwwbFQZWB1TwA=
-59,-5,n2liL1PefKejGiQ/ovODElKkZpA=,m7AAwncaexk4L/EwwbFQZWB1TwA=
-61,-5,n2liL1PefKejGiQ/ovODElKkZpA=,m7AAwncaexk4L/EwwbFQZWB1TwA=
-58,-5,n2liL1PefKejGiQ/ovODElKkZpA=,m7AAwncaexk4L/EwwbFQZWB1TwA=
-60,-5,n2liL1PefKejGiQ/ovODElKkZpA=,m7AAwncaexk4L/EwwbFQZWB1TwA=
-62,-5,n2liL1PefKejGiQ/ovODElKkZpA=,m7AAwncaexk4L/EwwbFQZWB1TwA=
-63,-5,n2liL1PefKejGiQ/ovODElKkZpA=,m7AAwncaexk4L/EwwbFQZWB1TwA=
-52,-4,n2liL1PefKejGiQ/ovODElKkZpA=,m7AAwncaexk4L/EwwbFQZWB1TwA=
-61,-11,n2liL1PefKejGiQ/ovODElKkZpA=,m7AAwncaexk4L/EwwbFQZWB1TwA=
-64,-5,n2liL1PefKejGiQ/ovODElKkZpA=,m7AAwncaexk4L/EwwbFQZWB1TwA=
-62,-11,n2liL1PefKejGiQ/ovODElKkZpA=,m7AAwncaexk4L/EwwbFQZWB1TwA=
-50,-5,n2liL1PefKejGiQ/ovODElKkZpA=,m7AAwncaexk4L/EwwbFQZWB1TwA=
-54,-6,n2liL1PefKejGiQ/ovODElKkZpA=,m7AAwncaexk4L/EwwbFQZWB1TwA=
-53,-6,n2liL1PefKejGiQ/ovODElKkZpA=,m7AAwncaexk4L/EwwbFQZWB1TwA=
-52,-6,n2liL1PefKejGiQ/ovODElKkZpA=,m7AAwncaexk4L/EwwbFQZWB1TwA=
-55,-6,n2liL1PefKejGiQ/ovODElKkZpA=,m7AAwncaexk4L/EwwbFQZWB1TwA=
-56,-6,n2liL1PefKejGiQ/ovODElKkZpA=,m7AAwncaexk4L/EwwbFQZWB1TwA=
-49,-6,n2liL1PefKejGiQ/ovODElKkZpA=,m7AAwncaexk4L/EwwbFQZWB1TwA=
-58,-6,n2liL1PefKejGiQ/ovODElKkZpA=,m7AAwncaexk4L/EwwbFQZWB1TwA=
-59,-6,n2liL1PefKejGiQ/ovODElKkZpA=,m7AAwncaexk4L/EwwbFQZWB1TwA=
-51,-5,n2liL1PefKejGiQ/ovODElKkZpA=,m7AAwncaexk4L/EwwbFQZWB1TwA=
-61,-6,n2liL1PefKejGiQ/ovODElKkZpA=,m7AAwncaexk4L/EwwbFQZWB1TwA=
-63,-6,n2liL1PefKejGiQ/ovODElKkZpA=,m7AAwncaexk4L/EwwbFQZWB1TwA=
-62,-6,n2liL1PefKejGiQ/ovODElKkZpA=,m7AAwncaexk4L/EwwbFQZWB1TwA=
-57,-6,n2liL1PefKejGiQ/ovODElKkZpA=,m7AAwncaexk4L/EwwbFQZWB1TwA=
-64,-6,n2liL1PefKejGiQ/ovODElKkZpA=,m7AAwncaexk4L/EwwbFQZWB1TwA=
-59,-16,n2liL1PefKejGiQ/ovODElKkZpA=,m7AAwncaexk4L/EwwbFQZWB1TwA=
-51,-6,n2liL1PefKejGiQ/ovODElKkZpA=,m7AAwncaexk4L/EwwbFQZWB1TwA=
-63,-11,n2liL1PefKejGiQ/ovODElKkZpA=,m7AAwncaexk4L/EwwbFQZWB1TwA=
-52,-7,n2liL1PefKejGiQ/ovODElKkZpA=,m7AAwncaexk4L/EwwbFQZWB1TwA=
-51,-7,n2liL1PefKejGiQ/ovODElKkZpA=,m7AAwncaexk4L/EwwbFQZWB1TwA=
-50,-6,n2liL1PefKejGiQ/ovODElKkZpA=,m7AAwncaexk4L/EwwbFQZWB1TwA=
-64,-11,n2liL1PefKejGiQ/ovODElKkZpA=,m7AAwncaexk4L/EwwbFQZWB1TwA=
-50,-7,n2liL1PefKejGiQ/ovODElKkZpA=,m7AAwncaexk4L/EwwbFQZWB1TwA=
-49,-7,n2liL1PefKejGiQ/ovODElKkZpA=,m7AAwncaexk4L/EwwbFQZWB1TwA=
-53,-7,n2liL1PefKejGiQ/ovODElKkZpA=,m7AAwncaexk4L/EwwbFQZWB1TwA=
-49,-12,n2liL1PefKejGiQ/ovODElKkZpA=,m7AAwncaexk4L/EwwbFQZWB1TwA=
-51,-12,n2liL1PefKejGiQ/ovODElKkZpA=,m7AAwncaexk4L/EwwbFQZWB1TwA=
-55,-7,n2liL1PefKejGiQ/ovODElKkZpA=,m7AAwncaexk4L/EwwbFQZWB1TwA=
-53,-12,n2liL1PefKejGiQ/ovODElKkZpA=,m7AAwncaexk4L/EwwbFQZWB1TwA=
-56,-7,n2liL1PefKejGiQ/ovODElKkZpA=,m7AAwncaexk4L/EwwbFQZWB1TwA=
-52,-12,n2liL1PefKejGiQ/ovODElKkZpA=,m7AAwncaexk4L/EwwbFQZWB1TwA=
-54,-12,n2liL1PefKejGiQ/ovODElKkZpA=,m7AAwncaexk4L/EwwbFQZWB1TwA=
-57,-7,n2liL1PefKejGiQ/ovODElKkZpA=,m7AAwncaexk4L/EwwbFQZWB1TwA=
-59,-7,n2liL1PefKejGiQ/ovODElKkZpA=,m7AAwncaexk4L/EwwbFQZWB1TwA=
-55,-12,n2liL1PefKejGiQ/ovODElKkZpA=,m7AAwncaexk4L/EwwbFQZWB1TwA=
-56,-12,n2liL1PefKejGiQ/ovODElKkZpA=,m7AAwncaexk4L/EwwbFQZWB1TwA=
-62,-7,n2liL1PefKejGiQ/ovODElKkZpA=,m7AAwncaexk4L/EwwbFQZWB1TwA=
-50,-12,n2liL1PefKejGiQ/ovODElKkZpA=,m7AAwncaexk4L/EwwbFQZWB1TwA=
-63,-7,n2liL1PefKejGiQ/ovODElKkZpA=,m7AAwncaexk4L/EwwbFQZWB1TwA=
-49,-8,n2liL1PefKejGiQ/ovODElKkZpA=,m7AAwncaexk4L/EwwbFQZWB1TwA=
-60,-7,n2liL1PefKejGiQ/ovODElKkZpA=,m7AAwncaexk4L/EwwbFQZWB1TwA=
-57,-12,n2liL1PefKejGiQ/ovODElKkZpA=,m7AAwncaexk4L/EwwbFQZWB1TwA=
-51,-8,n2liL1PefKejGiQ/ovODElKkZpA=,m7AAwncaexk4L/EwwbFQZWB1TwA=
-58,-12,n2liL1PefKejGiQ/ovODElKkZpA=,m7AAwncaexk4L/EwwbFQZWB1TwA=
-64,-7,n2liL1PefKejGiQ/ovODElKkZpA=,m7AAwncaexk4L/EwwbFQZWB1TwA=
-61,-7,n2liL1PefKejGiQ/ovODElKkZpA=,m7AAwncaexk4L/EwwbFQZWB1TwA=
-53,-8,n2liL1PefKejGiQ/ovODElKkZpA=,m7AAwncaexk4L/EwwbFQZWB1TwA=
-54,-8,n2liL1PefKejGiQ/ovODElKkZpA=,m7AAwncaexk4L/EwwbFQZWB1TwA=
-55,-8,n2liL1PefKejGiQ/ovODElKkZpA=,m7AAwncaexk4L/EwwbFQZWB1TwA=
-59,-12,n2liL1PefKejGiQ/ovODElKkZpA=,m7AAwncaexk4L/EwwbFQZWB1TwA=
-52,-8,n2liL1PefKejGiQ/ovODElKkZpA=,m7AAwncaexk4L/EwwbFQZWB1TwA=
-50,-8,n2liL1PefKejGiQ/ovODElKkZpA=,m7AAwncaexk4L/EwwbFQZWB1TwA=
-58,-8,n2liL1PefKejGiQ/ovODElKkZpA=,m7AAwncaexk4L/EwwbFQZWB1TwA=
-59,-8,n2liL1PefKejGiQ/ovODElKkZpA=,m7AAwncaexk4L/EwwbFQZWB1TwA=
-56,-8,n2liL1PefKejGiQ/ovODElKkZpA=,m7AAwncaexk4L/EwwbFQZWB1TwA=
-60,-8,n2liL1PefKejGiQ/ovODElKkZpA=,m7AAwncaexk4L/EwwbFQZWB1TwA=
-61,-8,n2liL1PefKejGiQ/ovODElKkZpA=,m7AAwncaexk4L/EwwbFQZWB1TwA=
-60,-12,n2liL1PefKejGiQ/ovODElKkZpA=,m7AAwncaexk4L/EwwbFQZWB1TwA=
-62,-8,n2liL1PefKejGiQ/ovODElKkZpA=,m7AAwncaexk4L/EwwbFQZWB1TwA=
-57,-8,n2liL1PefKejGiQ/ovODElKkZpA=,m7AAwncaexk4L/EwwbFQZWB1TwA=
-50,-9,n2liL1PefKejGiQ/ovODElKkZpA=,m7AAwncaexk4L/EwwbFQZWB1TwA=
-49,-9,n2liL1PefKejGiQ/ovODElKkZpA=,m7AAwncaexk4L/EwwbFQZWB1TwA=
-52,-9,n2liL1PefKejGiQ/ovODElKkZpA=,m7AAwncaexk4L/EwwbFQZWB1TwA=
-51,-9,n2liL1PefKejGiQ/ovODElKkZpA=,m7AAwncaexk4L/EwwbFQZWB1TwA=
-55,-9,n2liL1PefKejGiQ/ovODElKkZpA=,m7AAwncaexk4L/EwwbFQZWB1TwA=
-54,-9,n2liL1PefKejGiQ/ovODElKkZpA=,m7AAwncaexk4L/EwwbFQZWB1TwA=
-53,-9,n2liL1PefKejGiQ/ovODElKkZpA=,m7AAwncaexk4L/EwwbFQZWB1TwA=
-57,-9,n2liL1PefKejGiQ/ovODElKkZpA=,m7AAwncaexk4L/EwwbFQZWB1TwA=
-56,-9,n2liL1PefKejGiQ/ovODElKkZpA=,m7AAwncaexk4L/EwwbFQZWB1TwA=
-61,-12,n2liL1PefKejGiQ/ovODElKkZpA=,m7AAwncaexk4L/EwwbFQZWB1TwA=
-62,-12,n2liL1PefKejGiQ/ovODElKkZpA=,m7AAwncaexk4L/EwwbFQZWB1TwA=
-58,-9,n2liL1PefKejGiQ/ovODElKkZpA=,m7AAwncaexk4L/EwwbFQZWB1TwA=
-63,-8,n2liL1PefKejGiQ/ovODElKkZpA=,m7AAwncaexk4L/EwwbFQZWB1TwA=
-63,-12,n2liL1PefKejGiQ/ovODElKkZpA=,m7AAwncaexk4L/EwwbFQZWB1TwA=
-59,-9,n2liL1PefKejGiQ/ovODElKkZpA=,m7AAwncaexk4L/EwwbFQZWB1TwA=
-64,-12,n2liL1PefKejGiQ/ovODElKkZpA=,m7AAwncaexk4L/EwwbFQZWB1TwA=
-60,-9,n2liL1PefKejGiQ/ovODElKkZpA=,m7AAwncaexk4L/EwwbFQZWB1TwA=
-61,-9,n2liL1PefKejGiQ/ovODElKkZpA=,m7AAwncaexk4L/EwwbFQZWB1TwA=
-63,-9,n2liL1PefKejGiQ/ovODElKkZpA=,m7AAwncaexk4L/EwwbFQZWB1TwA=
-49,-13,n2liL1PefKejGiQ/ovODElKkZpA=,m7AAwncaexk4L/EwwbFQZWB1TwA=
-64,-8,n2liL1PefKejGiQ/ovODElKkZpA=,m7AAwncaexk4L/EwwbFQZWB1TwA=
-64,-9,n2liL1PefKejGiQ/ovODElKkZpA=,m7AAwncaexk4L/EwwbFQZWB1TwA=
-49,-10,n2liL1PefKejGiQ/ovODElKkZpA=,m7AAwncaexk4L/EwwbFQZWB1TwA=
-58,-7,n2liL1PefKejGiQ/ovODElKkZpA=,m7AAwncaexk4L/EwwbFQZWB1TwA=
-60,-16,n2liL1PefKejGiQ/ovODElKkZpA=,m7AAwncaexk4L/EwwbFQZWB1TwA=
-54,-13,n2liL1PefKejGiQ/ovODElKkZpA=,m7AAwncaexk4L/EwwbFQZWB1TwA=
-62,-9,n2liL1PefKejGiQ/ovODElKkZpA=,m7AAwncaexk4L/EwwbFQZWB1TwA=
-55,-13,n2liL1PefKejGiQ/ovODElKkZpA=,m7AAwncaexk4L/EwwbFQZWB1TwA=
-56,-13,n2liL1PefKejGiQ/ovODElKkZpA=,m7AAwncaexk4L/EwwbFQZWB1TwA=
-58,-13,n2liL1PefKejGiQ/ovODElKkZpA=,m7AAwncaexk4L/EwwbFQZWB1TwA=
-57,-13,n2liL1PefKejGiQ/ovODElKkZpA=,m7AAwncaexk4L/EwwbFQZWB1TwA=
-51,-10,n2liL1PefKejGiQ/ovODElKkZpA=,m7AAwncaexk4L/EwwbFQZWB1TwA=
-52,-10,n2liL1PefKejGiQ/ovODElKkZpA=,m7AAwncaexk4L/EwwbFQZWB1TwA=
-50,-13,n2liL1PefKejGiQ/ovODElKkZpA=,m7AAwncaexk4L/EwwbFQZWB1TwA=
-52,-13,n2liL1PefKejGiQ/ovODElKkZpA=,m7AAwncaexk4L/EwwbFQZWB1TwA=
-61,-16,n2liL1PefKejGiQ/ovODElKkZpA=,m7AAwncaexk4L/EwwbFQZWB1TwA=
-50,-10,n2liL1PefKejGiQ/ovODElKkZpA=,m7AAwncaexk4L/EwwbFQZWB1TwA=
-51,-13,n2liL1PefKejGiQ/ovODElKkZpA=,m7AAwncaexk4L/EwwbFQZWB1TwA=
-59,-13,n2liL1PefKejGiQ/ovODElKkZpA=,m7AAwncaexk4L/EwwbFQZWB1TwA=
-53,-13,n2liL1PefKejGiQ/ovODElKkZpA=,m7AAwncaexk4L/EwwbFQZWB1TwA=
-60,-13,n2liL1PefKejGiQ/ovODElKkZpA=,m7AAwncaexk4L/EwwbFQZWB1TwA=
-61,-13,n2liL1PefKejGiQ/ovODElKkZpA=,m7AAwncaexk4L/EwwbFQZWB1TwA=
-54,-14,n2liL1PefKejGiQ/ovODElKkZpA=,m7AAwncaexk4L/EwwbFQZWB1TwA=
-55,-14,n2liL1PefKejGiQ/ovODElKkZpA=,m7AAwncaexk4L/EwwbFQZWB1TwA=
-56,-14,n2liL1PefKejGiQ/ovODElKkZpA=,m7AAwncaexk4L/EwwbFQZWB1TwA=
-57,-14,n2liL1PefKejGiQ/ovODElKkZpA=,m7AAwncaexk4L/EwwbFQZWB1TwA=
-58,-14,n2liL1PefKejGiQ/ovODElKkZpA=,m7AAwncaexk4L/EwwbFQZWB1TwA=
-59,-14,n2liL1PefKejGiQ/ovODElKkZpA=,m7AAwncaexk4L/EwwbFQZWB1TwA=
-63,-13,n2liL1PefKejGiQ/ovODElKkZpA=,m7AAwncaexk4L/EwwbFQZWB1TwA=
-62,-13,n2liL1PefKejGiQ/ovODElKkZpA=,m7AAwncaexk4L/EwwbFQZWB1TwA=
-64,-13,n2liL1PefKejGiQ/ovODElKkZpA=,m7AAwncaexk4L/EwwbFQZWB1TwA=
-60,-14,n2liL1PefKejGiQ/ovODElKkZpA=,m7AAwncaexk4L/EwwbFQZWB1TwA=
-49,-14,n2liL1PefKejGiQ/ovODElKkZpA=,m7AAwncaexk4L/EwwbFQZWB1TwA=
-50,-14,n2liL1PefKejGiQ/ovODElKkZpA=,m7AAwncaexk4L/EwwbFQZWB1TwA=
-61,-14,n2liL1PefKejGiQ/ovODElKkZpA=,m7AAwncaexk4L/EwwbFQZWB1TwA=
-62,-14,n2liL1PefKejGiQ/ovODElKkZpA=,m7AAwncaexk4L/EwwbFQZWB1TwA=
-52,-14,n2liL1PefKejGiQ/ovODElKkZpA=,m7AAwncaexk4L/EwwbFQZWB1TwA=
-53,-14,n2liL1PefKejGiQ/ovODElKkZpA=,m7AAwncaexk4L/EwwbFQZWB1TwA=
-62,-16,n2liL1PefKejGiQ/ovODElKkZpA=,m7AAwncaexk4L/EwwbFQZWB1TwA=
-63,-14,n2liL1PefKejGiQ/ovODElKkZpA=,m7AAwncaexk4L/EwwbFQZWB1TwA=
-64,-14,n2liL1PefKejGiQ/ovODElKkZpA=,m7AAwncaexk4L/EwwbFQZWB1TwA=
-51,-14,n2liL1PefKejGiQ/ovODElKkZpA=,m7AAwncaexk4L/EwwbFQZWB1TwA=
-54,-7,n2liL1PefKejGiQ/ovODElKkZpA=,m7AAwncaexk4L/EwwbFQZWB1TwA=
-50,-15,n2liL1PefKejGiQ/ovODElKkZpA=,m7AAwncaexk4L/EwwbFQZWB1TwA=
-49,-15,n2liL1PefKejGiQ/ovODElKkZpA=,m7AAwncaexk4L/EwwbFQZWB1TwA=
-51,-15,n2liL1PefKejGiQ/ovODElKkZpA=,m7AAwncaexk4L/EwwbFQZWB1TwA=
-60,-6,n2liL1PefKejGiQ/ovODElKkZpA=,m7AAwncaexk4L/EwwbFQZWB1TwA=
-53,-15,n2liL1PefKejGiQ/ovODElKkZpA=,m7AAwncaexk4L/EwwbFQZWB1TwA=
-52,-15,n2liL1PefKejGiQ/ovODElKkZpA=,m7AAwncaexk4L/EwwbFQZWB1TwA=
